Rank,Player,Age,Tm,Pts Won,Pts Max,Share,G,Team Wins,Overall Seed,MP,PTS,TRB,AST,STL,BLK,FG%,3P%,FT%,WS,WS/48,VORP,BPM,G-Lockout,Wins-Lockout,WS-Lockout,VORP-Lockout
1,Kareem Abdul-Jabbar,32,LAL,147,221,0.665,82,60,2,38.3,24.8,10.8,4.5,1,3.4,0.604,0,0.765,14.8,0.227,6.8,6.7,,,,
2,Julius Erving,29,PHI,31.5,221,0.143,78,59,3,36.1,26.9,7.4,4.6,2.2,1.8,0.519,0.2,0.787,12.5,0.213,6.5,7.2,,,,
3,George Gervin,27,SAS,19,221,0.086,78,41,10,37.6,33.1,5.2,2.6,1.4,1,0.528,0.314,0.852,10.6,0.173,3.1,2.2,,,,
4,Larry Bird,23,BOS,15,221,0.068,82,61,1,36,21.3,10.4,4.5,1.7,0.6,0.474,0.406,0.836,11.2,0.182,5.4,5.3,,,,
5,Tiny Archibald,31,BOS,2,221,0.009,80,61,1,35.8,14.1,2.5,8.4,1.3,0.1,0.482,0.222,0.83,8.9,0.148,1.5,0,,,,
5,Dennis Johnson,25,SEA,2,221,0.009,81,56,4,36.3,19,5.1,4.1,1.8,1,0.422,0.207,0.78,7.4,0.12,2.8,1.7,,,,
5,Dan Roundfield,26,ATL,2,221,0.009,81,50,6,32,16.5,10.3,2.3,1.2,1.7,0.499,0,0.71,9.1,0.169,4.3,4.6,,,,
8,Gus Williams,26,SEA,1.5,221,0.007,82,56,4,36.2,22.1,3.4,4.8,2.4,0.5,0.482,0.194,0.788,11.6,0.187,4.5,4.1,,,,
9,Moses Malone,24,HOU,1,221,0.005,82,41,9,38.3,25.8,14.5,1.8,1,1.3,0.502,0,0.719,11.9,0.183,3.8,2.8,,,,
1,Julius Erving,30,PHI,454,690,0.658,82,62,2,35,24.6,8,4.4,2.1,1.8,0.521,0.222,0.787,13.8,0.231,7.2,8,,,,
2,Larry Bird,24,BOS,423,690,0.613,82,62,1,39.5,21.2,10.9,5.5,2,0.8,0.478,0.27,0.863,10.8,0.16,5.8,5.1,,,,
3,Kareem Abdul-Jabbar,33,LAL,286,690,0.414,80,54,5,37.2,26.2,10.3,3.4,0.7,2.9,0.574,0,0.766,14.3,0.23,5.4,5.3,,,,
4,Moses Malone,25,HOU,180,690,0.261,80,40,11,40.6,27.8,14.8,1.8,1,1.9,0.522,0.333,0.757,13.7,0.202,4.7,3.7,,,,
5,George Gervin,28,SAS,83,690,0.12,82,52,6,33.7,27.1,5.1,3.2,1.1,0.7,0.492,0.257,0.826,10.5,0.182,2.5,1.6,,,,
6,Marques Johnson,24,MIL,73,690,0.106,76,60,3,33.4,20.3,6.8,4.6,1.5,0.5,0.552,0,0.706,11.2,0.211,5.1,5.9,,,,
7,Robert Parish,27,BOS,53,690,0.077,82,62,1,28,18.9,9.5,1.8,1,2.6,0.545,0,0.71,10.9,0.228,4,5,,,,
8,Dennis Johnson,26,PHO,50,690,0.072,79,57,4,33.1,18.8,4.6,3.7,1.7,0.8,0.436,0.216,0.82,8.4,0.154,2.6,2,,,,
9,Tiny Archibald,32,BOS,32,690,0.046,80,62,1,35.3,13.8,2.2,7.7,0.9,0.2,0.499,0,0.816,6.9,0.118,0.5,-1.3,,,,
10,Jamaal Wilkes,27,LAL,19,690,0.028,81,54,5,37.4,22.6,5.4,2.9,1.5,0.4,0.526,0.077,0.758,8.5,0.135,2.2,0.8,,,,
1,Moses Malone,26,HOU,507,690,0.735,81,46,8,42,31.1,14.7,1.8,0.9,1.5,0.519,0,0.762,15.4,0.218,5.4,4.3,,,,
2,Larry Bird,25,BOS,406,690,0.588,77,63,1,38,22.9,10.9,5.8,1.9,0.9,0.503,0.212,0.863,12.5,0.205,7,7.5,,,,
3,Julius Erving,31,PHI,203,690,0.294,81,58,2,34.4,24.4,6.9,3.9,2,1.7,0.546,0.273,0.763,13.3,0.229,6.9,7.8,,,,
4,Robert Parish,28,BOS,131,690,0.19,80,63,1,31.7,19.9,10.8,1.8,0.9,2.4,0.542,0,0.71,10,0.19,3.7,3.8,,,,
5,Gus Williams,28,SEA,115,690,0.167,80,52,5,36,23.4,3.1,6.9,2.2,0.5,0.486,0.225,0.734,10.2,0.171,4.5,4.2,,,,
6,George Gervin,29,SAS,110,690,0.159,79,48,6,35.7,32.3,5,2.4,1,0.6,0.5,0.278,0.864,10.7,0.182,2.6,1.7,,,,
7,Sidney Moncrief,24,MIL,101,690,0.146,80,55,4,37.3,19.8,6.7,4.8,1.7,0.3,0.523,0.071,0.817,13.4,0.216,5.6,5.5,,,,
8,Magic Johnson,22,LAL,67,690,0.097,78,57,3,38.3,18.6,9.6,9.5,2.7,0.4,0.537,0.207,0.76,12.9,0.207,7.8,8.3,,,,
9,Jack Sikma,26,SEA,33,690,0.048,82,52,5,37.2,19.6,12.7,3.4,1.2,1.3,0.479,0.154,0.855,12.6,0.199,4.7,4.1,,,,
10,Kareem Abdul-Jabbar,34,LAL,31,690,0.045,76,57,3,35.2,23.9,8.7,3,0.8,2.7,0.579,0,0.706,10.7,0.192,4.2,4.3,,,,
1,Moses Malone,27,PHI,720,750,0.96,78,65,1,37.5,24.5,15.3,1.3,1.1,2,0.501,0,0.761,15.1,0.248,4,3.4,,,,
2,Larry Bird,26,BOS,364,750,0.485,79,56,3,37.7,23.6,11,5.8,1.9,0.9,0.504,0.286,0.84,14,0.225,7.2,7.6,,,,
3,Magic Johnson,23,LAL,304.5,750,0.406,79,58,2,36.8,16.8,8.6,10.5,2.2,0.6,0.548,0,0.8,12.5,0.207,6.9,7.4,,,,
4,Sidney Moncrief,25,MIL,226,750,0.301,76,51,6,35.7,22.5,5.8,3.9,1.5,0.3,0.524,0.1,0.826,13.2,0.233,5.3,5.7,,,,
5,Julius Erving,32,PHI,112,750,0.149,72,65,1,33.6,21.4,6.8,3.7,1.6,1.8,0.517,0.286,0.759,10.9,0.217,5.1,6.3,,,,
6,Alex English,29,DEN,42,750,0.056,82,45,10,36.4,28.4,7.3,4.8,1.4,1.5,0.516,0.167,0.829,10.3,0.166,5,4.7,,,,
7,Buck Williams,22,NJN,40,750,0.053,82,49,7,36.1,17,12.5,1.5,1.1,1.3,0.588,0,0.62,11.4,0.185,3.9,3.3,,,,
8,Artis Gilmore,33,SAS,33,750,0.044,82,53,5,34.1,18,12,1.5,0.5,2.3,0.626,0,0.74,11,0.189,4,3.6,,,,
9,George Gervin,30,SAS,30,750,0.04,78,53,5,36.3,26.2,4.6,3.4,1.1,0.9,0.487,0.364,0.853,9.4,0.159,2.2,1.1,,,,
10,Kareem Abdul-Jabbar,35,LAL,15,750,0.02,79,58,2,32.3,21.8,7.5,2.5,0.8,2.2,0.588,0,0.749,10.9,0.205,3.8,3.8,,,,
1,Larry Bird,27,BOS,652,760,0.858,79,62,1,38.3,24.2,10.1,6.6,1.8,0.9,0.492,0.247,0.888,13.6,0.215,7.4,7.8,,,,
2,Bernard King,27,NYK,373,760,0.491,77,47,7,34.6,26.3,5.1,2.1,1,0.2,0.572,0,0.779,12.1,0.218,3.7,3.6,,,,
3,Magic Johnson,24,LAL,305,760,0.401,67,54,2,38.3,17.6,7.3,13.1,2.2,0.7,0.565,0.207,0.81,10.2,0.191,5.2,6.1,,,,
4,Kareem Abdul-Jabbar,36,LAL,153,760,0.201,80,54,2,32.8,21.5,7.3,2.6,0.7,1.8,0.578,0,0.723,8.9,0.163,3.2,2.8,,,,
5,Isiah Thomas,22,DET,115,760,0.151,82,49,5,36.7,21.3,4,11.1,2.5,0.4,0.462,0.338,0.733,9.1,0.144,4.7,4.3,,,,
6,Julius Erving,33,PHI,98,760,0.129,77,52,3,34.8,22.4,6.9,4,1.8,1.8,0.512,0.333,0.754,10.1,0.18,5.3,5.9,,,,
7,Adrian Dantley,27,UTA,88,760,0.116,79,45,9,37.8,30.6,5.7,3.9,0.8,0.1,0.558,0.25,0.859,14.6,0.235,4.8,4.4,,,,
8,Sidney Moncrief,26,MIL,70,760,0.092,79,50,4,38.9,20.9,6.7,4.5,1.4,0.3,0.498,0.278,0.848,12.7,0.198,5.3,4.8,,,,
9,Jeff Ruland,25,WSB,38,760,0.05,75,35,18,41.1,22.2,12.3,3.9,0.9,1,0.579,0.143,0.733,9.3,0.144,4.9,4.3,,,,
10,Moses Malone,28,PHI,35,760,0.046,71,52,3,36.8,22.7,13.4,1.4,1,1.5,0.483,0,0.75,9.5,0.175,1.8,0.7,,,,
1,Larry Bird,28,BOS,763,780,0.978,80,63,1,39.5,28.7,10.5,6.6,1.6,1.2,0.522,0.427,0.882,15.7,0.238,8.4,8.5,,,,
2,Magic Johnson,25,LAL,264,780,0.338,77,62,2,36.1,18.3,6.2,12.6,1.5,0.3,0.561,0.189,0.843,12.7,0.22,5.2,5.4,,,,
3,Moses Malone,29,PHI,218,780,0.279,79,58,4,37.4,24.6,13.1,1.6,0.8,1.6,0.469,0,0.815,11.9,0.193,2.6,1.5,,,,
4,Kareem Abdul-Jabbar,37,LAL,206,780,0.264,79,62,2,33.3,22,7.9,3.2,0.8,2.1,0.599,0,0.732,11.2,0.204,4.6,4.9,,,,
5,Terry Cummings,23,MIL,138,780,0.177,79,59,3,34.5,23.6,9.1,2.9,1.5,0.8,0.495,0,0.741,10.7,0.189,4,3.8,,,,
6,Michael Jordan,21,CHI,134,780,0.172,82,38,14,38.3,28.2,6.5,5.9,2.4,0.8,0.515,0.173,0.845,14,0.213,8.1,8.2,,,,
7,Bernard King,28,NYK,70,780,0.09,55,24,21,37.5,32.9,5.8,3.7,1.3,0.3,0.53,0.1,0.772,7.1,0.166,3.3,4.3,,,,
8,Sidney Moncrief,27,MIL,65,780,0.083,73,59,3,37.5,21.7,5.4,5.2,1.6,0.5,0.483,0.273,0.828,11.2,0.197,4.6,4.7,,,,
9,Isiah Thomas,23,DET,63,780,0.081,81,46,7,38.1,21.2,4.5,13.9,2.3,0.3,0.458,0.257,0.809,11.2,0.173,5.6,5.2,,,,
10,Ralph Sampson,24,HOU,26,780,0.033,82,48,6,37.6,22.1,10.4,2.7,1,2,0.502,0,0.676,6.2,0.096,2.1,0.8,,,,
1,Larry Bird,29,BOS,765,780,0.981,82,67,1,38,25.8,9.8,6.8,2,0.6,0.496,0.423,0.896,15.8,0.244,8.7,9.1,,,,
2,Dominique Wilkins,26,ATL,407,780,0.522,78,50,6,39.1,30.3,7.9,2.6,1.8,0.6,0.468,0.186,0.818,10.8,0.17,4.3,3.6,,,,
3,Magic Johnson,26,LAL,205,780,0.263,72,62,2,35.8,18.8,5.9,12.6,1.6,0.2,0.526,0.233,0.871,12.1,0.226,5.2,5.9,,,,
4,Hakeem Olajuwon,23,HOU,193,780,0.247,68,51,5,36.3,23.5,11.5,2,2,3.4,0.526,0,0.645,9.5,0.186,4.6,5.3,,,,
5,Kareem Abdul-Jabbar,38,LAL,135,780,0.173,79,62,2,33.3,23.4,6.1,3.5,0.8,1.6,0.564,0,0.765,10.8,0.197,4.3,4.5,,,,
6,Charles Barkley,22,PHI,133,780,0.171,80,54,4,36.9,20,12.8,3.9,2.2,1.6,0.572,0.227,0.685,10.8,0.176,7.3,7.9,,,,
7,Sidney Moncrief,28,MIL,56,780,0.072,73,57,3,35.2,20.2,4.6,4.9,1.4,0.2,0.489,0.32,0.859,11.7,0.219,4.6,5.1,,,,
8,Alex English,32,DEN,55,780,0.071,81,47,7,37.3,29.8,5,4,0.9,0.4,0.504,0.2,0.862,9.8,0.156,3.2,2.1,,,,
9,Isiah Thomas,24,DET,28,780,0.036,77,46,8,36.2,20.9,3.6,10.8,2.2,0.3,0.488,0.31,0.79,8.8,0.151,0.8,-0.8,,,,
10,Moses Malone,30,PHI,21,780,0.027,74,54,4,36.6,23.8,11.8,1.2,0.9,1,0.458,0,0.787,8.9,0.157,4.3,4,,,,
1,Magic Johnson,27,LAL,733,780,0.94,80,65,1,36.3,23.9,6.3,12.2,1.7,0.5,0.522,0.205,0.848,15.9,0.263,7.4,8.1,,,,
2,Michael Jordan,23,CHI,449,780,0.576,82,40,14,40,37.1,5.2,4.6,2.9,1.5,0.482,0.182,0.857,16.9,0.247,8.8,8.1,,,,
3,Larry Bird,30,BOS,271,780,0.347,74,59,2,40.6,28.1,9.2,7.6,1.8,0.9,0.525,0.4,0.91,15.2,0.243,8.5,9.2,,,,
4,Kevin McHale,29,BOS,254,780,0.326,77,59,2,39.7,26.1,9.9,2.6,0.5,2.2,0.604,0,0.836,14.8,0.232,5.6,5.2,,,,
5,Dominique Wilkins,27,ATL,128,780,0.164,79,57,3,37.6,29,6.3,3.3,1.5,0.6,0.463,0.292,0.818,12.2,0.197,5.2,4.9,,,,
6,Charles Barkley,23,PHI,113,780,0.145,68,45,8,40.3,23,14.6,4.9,1.8,1.5,0.594,0.202,0.761,12,0.21,7.7,9.2,,,,
7,Hakeem Olajuwon,24,HOU,28,780,0.036,75,42,11,36.8,23.4,11.4,2.9,1.9,3.4,0.508,0.2,0.702,10.9,0.189,6,6.6,,,,
8,Isiah Thomas,25,DET,17,780,0.022,81,52,5,37.2,20.6,3.9,10,1.9,0.2,0.463,0.194,0.768,7.6,0.121,3.8,3,,,,
9,Fat Lever,26,DEN,11,780,0.014,82,37,16,37.2,18.9,8.9,8,2.5,0.4,0.469,0.239,0.782,9.7,0.153,5.9,5.6,,,,
10,Moses Malone,31,WSB,9,780,0.012,73,42,12,34.1,24.1,11.3,1.6,0.8,1.3,0.454,0,0.824,9.4,0.182,2.5,1.9,,,,
1,Michael Jordan,24,CHI,665,800,0.831,82,50,8,40.4,35,5.5,5.9,3.2,1.6,0.535,0.132,0.841,21.2,0.308,11.8,12.2,,,,
2,Larry Bird,31,BOS,527,800,0.659,76,57,2,39,29.9,9.3,6.1,1.6,0.8,0.527,0.414,0.916,15,0.243,8.1,8.8,,,,
3,Magic Johnson,28,LAL,508,800,0.635,72,62,1,36.6,19.6,6.2,11.9,1.6,0.2,0.492,0.196,0.853,10.9,0.199,4.9,5.3,,,,
4,Charles Barkley,24,PHI,109,800,0.136,80,36,17,39.6,28.3,11.9,3.2,1.3,1.3,0.587,0.28,0.751,16.7,0.253,8.7,9,,,,
5,Clyde Drexler,25,POR,86,800,0.108,81,53,6,37.8,27,6.6,5.8,2.5,0.6,0.506,0.212,0.811,13.2,0.207,7.3,7.4,,,,
6,Dominique Wilkins,28,ATL,55,800,0.069,78,50,7,37.8,30.7,6.4,2.9,1.3,0.6,0.464,0.295,0.826,9.8,0.16,3.7,2.9,,,,
7,Hakeem Olajuwon,25,HOU,40,800,0.05,79,46,10,35.8,22.8,12.1,2.1,2.1,2.7,0.514,0,0.695,10.7,0.182,5,5,,,,
8,Karl Malone,24,UTA,36,800,0.045,82,47,9,39,27.7,12,2.4,1.4,0.6,0.52,0,0.7,10.1,0.152,3.7,2.5,,,,
9,Fat Lever,27,DEN,26,800,0.033,82,54,3,37.3,18.9,8.1,7.8,2.7,0.3,0.473,0.211,0.785,10.4,0.163,6.2,6.1,,,,
10,John Stockton,25,UTA,15,800,0.019,82,47,9,34.7,14.7,2.9,13.8,3,0.2,0.574,0.358,0.84,14.1,0.238,4.3,3.9,,,,
1,Magic Johnson,29,LAL,664.5,850,0.782,77,57,3,37.5,22.5,7.9,12.8,1.8,0.3,0.509,0.314,0.911,16.1,0.267,8.2,9.3,,,,
2,Michael Jordan,25,CHI,598.8,850,0.704,81,47,9,40.2,32.5,8,8,2.9,0.8,0.538,0.276,0.85,19.8,0.292,12,12.6,,,,
3,Karl Malone,25,UTA,362,850,0.426,80,51,7,39.1,29.1,10.7,2.7,1.8,0.9,0.519,0.313,0.766,15.2,0.233,6.5,6.1,,,,
4,Patrick Ewing,26,NYK,200,850,0.235,80,52,6,36.2,22.7,9.3,2.4,1.5,3.5,0.567,0,0.746,10.9,0.181,4.9,4.7,,,,
5,Hakeem Olajuwon,26,HOU,179.3,850,0.211,82,45,12,36.9,24.8,13.5,1.8,2.6,3.4,0.508,0,0.696,12.4,0.197,5.6,5.4,,,,
6,Charles Barkley,25,PHI,94.3,850,0.111,79,46,11,39.1,25.8,12.5,4.1,1.6,0.8,0.579,0.216,0.753,16.1,0.25,9.2,9.8,,,,
7,John Stockton,26,UTA,28,850,0.033,82,51,7,38.7,17.1,3,13.6,3.2,0.2,0.538,0.242,0.863,15.6,0.236,5.5,4.8,,,,
8,Kevin Johnson,22,PHO,22,850,0.026,81,55,4,39.2,20.4,4.2,12.2,1.7,0.3,0.505,0.091,0.882,12.2,0.184,4.5,3.5,,,,
9,Tom Chambers,29,PHO,20,850,0.024,81,55,4,37.1,25.7,8.4,2.9,1.1,0.7,0.471,0.326,0.851,9.2,0.146,2.4,1.2,,,,
10,Mark Price,24,CLE,18,850,0.021,75,57,2,36.4,18.9,3,8.4,1.5,0.1,0.526,0.441,0.901,11.3,0.199,3.8,3.5,,,,
1,Magic Johnson,30,LAL,636,920,0.691,79,63,1,37.2,22.3,6.6,11.5,1.7,0.4,0.48,0.384,0.89,16.5,0.27,8.5,9.5,,,,
2,Charles Barkley,26,PHI,614,920,0.667,79,53,8,39.1,25.2,11.5,3.9,1.9,0.6,0.6,0.217,0.749,17.3,0.269,9.2,9.8,,,,
3,Michael Jordan,26,CHI,564,920,0.613,82,55,5,39,33.6,6.9,6.3,2.8,0.7,0.526,0.376,0.848,19,0.285,10.1,10.6,,,,
4,Karl Malone,26,UTA,214,920,0.233,82,55,6,38.1,31,11.1,2.8,1.5,0.6,0.562,0.372,0.762,15.9,0.245,6.7,6.6,,,,
5,Patrick Ewing,27,NYK,162,920,0.176,82,45,11,38.6,28.6,10.9,2.2,1,4,0.551,0.25,0.775,13.5,0.205,6.4,6.5,,,,
6,David Robinson,24,SAS,102,920,0.111,82,56,4,36.6,24.3,12,2,1.7,3.9,0.531,0,0.732,15.1,0.241,5.2,4.6,,,,
7,Hakeem Olajuwon,27,HOU,64,920,0.07,82,41,16,38.1,24.3,14,2.9,2.1,4.6,0.501,0.167,0.713,11.2,0.173,6.3,5.9,,,,
8,Tom Chambers,30,PHO,12,920,0.013,81,54,7,37.6,27.2,7,2.3,1.1,0.6,0.501,0.279,0.861,11.2,0.176,2.9,1.8,,,,
9,John Stockton,27,UTA,9,920,0.01,78,55,6,37.4,17.2,2.6,14.5,2.7,0.2,0.514,0.416,0.819,14.4,0.238,4.5,4.2,,,,
10,Larry Bird,33,BOS,5,920,0.005,75,52,9,39.3,24.3,9.5,7.5,1.4,0.8,0.473,0.333,0.93,9.5,0.154,6.1,6.1,,,,
10,Buck Williams,29,POR,5,920,0.005,82,59,3,34.2,13.6,9.8,1.4,0.8,0.5,0.548,0,0.706,8.7,0.149,2.7,1.8,,,,
1,Michael Jordan,27,CHI,891,960,0.928,82,61,2,37,31.5,6,5.5,2.7,1,0.539,0.312,0.851,20.3,0.321,9.8,10.1,,,,
2,Magic Johnson,31,LAL,497,960,0.518,79,58,3,37.1,19.4,7,12.5,1.3,0.2,0.477,0.32,0.906,15.4,0.251,7.6,8.3,,,,
3,David Robinson,25,SAS,476,960,0.496,82,55,6,37.7,25.6,13,2.5,1.5,3.9,0.552,0.143,0.762,17,0.264,8.1,8.4,,,,
4,Charles Barkley,27,PHI,222,960,0.231,67,44,12,37.3,27.6,10.1,4.2,1.6,0.5,0.57,0.284,0.722,13.4,0.258,7.4,9.9,,,,
5,Karl Malone,27,UTA,142,960,0.148,82,54,7,40.3,29,11.8,3.3,1.1,1,0.527,0.286,0.77,15.5,0.225,6.5,5.8,,,,
6,Clyde Drexler,28,POR,75,960,0.078,82,63,1,34.8,21.5,6.7,6,1.8,0.7,0.482,0.319,0.794,12.4,0.209,6.7,7.3,,,,
7,Kevin Johnson,24,PHO,32,960,0.033,77,55,5,36,22.2,3.5,10.1,2.1,0.1,0.516,0.205,0.843,12.7,0.22,5.1,5.2,,,,
8,Dominique Wilkins,31,ATL,29,960,0.03,81,43,13,38,25.9,9,3.3,1.5,0.8,0.47,0.341,0.829,11.4,0.177,5.2,4.7,,,,
9,Larry Bird,34,BOS,25,960,0.026,60,56,4,38,19.4,8.5,7.2,1.8,1,0.454,0.389,0.891,6.6,0.14,3.8,4.7,,,,
9,Terry Porter,27,POR,25,960,0.026,81,63,1,32.9,17,3.5,8,2,0.1,0.515,0.415,0.823,13,0.235,5.5,6.1,,,,
1,Michael Jordan,28,CHI,900,960,0.938,80,67,1,38.8,30.1,6.4,6.1,2.3,0.9,0.519,0.27,0.832,17.7,0.274,8.3,8.6,,,,
2,Clyde Drexler,29,POR,561,960,0.584,76,57,3,36.2,25,6.6,6.7,1.8,0.9,0.47,0.337,0.794,12.8,0.223,7.2,8.4,,,,
3,David Robinson,26,SAS,337,960,0.351,68,47,10,37.7,23.2,12.2,2.7,2.3,4.5,0.551,0.125,0.701,13.9,0.26,7.8,10,,,,
4,Karl Malone,28,UTA,262,960,0.273,81,55,5,37.7,28,11.2,3,1.3,0.6,0.526,0.176,0.778,15.1,0.237,5.6,5.3,,,,
5,Patrick Ewing,29,NYK,100,960,0.104,82,51,8,38.4,24,11.2,1.9,1.1,3,0.522,0.167,0.738,13,0.198,4.8,4,,,,
6,Chris Mullin,28,GSW,81,960,0.084,81,55,4,41.3,25.6,5.6,3.5,2.1,0.8,0.524,0.366,0.833,10.8,0.155,4.6,3.5,,,,
7,Mark Price,27,CLE,66,960,0.069,72,57,2,29.7,17.3,2.4,7.4,1.3,0.2,0.488,0.387,0.947,9.1,0.205,3.1,3.8,,,,
8,Tim Hardaway,25,GSW,64,960,0.067,81,55,4,41.1,23.4,3.8,10,2,0.2,0.461,0.338,0.766,9.2,0.132,3.9,2.6,,,,
9,Scottie Pippen,26,CHI,32,960,0.033,82,67,1,38.6,21,7.7,7,1.9,1.1,0.506,0.2,0.76,12.7,0.192,6.8,6.5,,,,
10,Dennis Rodman,30,DET,26,960,0.027,82,48,9,40.3,9.8,18.7,2.3,0.8,0.9,0.539,0.317,0.6,12.6,0.183,5.8,4.9,,,,
1,Charles Barkley,29,PHO,835,980,0.852,76,62,1,37.6,25.6,12.2,5.1,1.6,1,0.52,0.305,0.765,14.4,0.242,7.5,8.3,,,,
2,Hakeem Olajuwon,30,HOU,647,980,0.66,82,55,4,39.5,26.1,13,3.5,1.8,4.2,0.529,0,0.779,15.8,0.234,8.5,8.4,,,,
3,Michael Jordan,29,CHI,565,980,0.577,78,57,3,39.3,32.6,6.7,5.5,2.8,0.8,0.495,0.352,0.837,17.2,0.27,8.9,9.5,,,,
4,Patrick Ewing,30,NYK,359,980,0.366,81,60,2,37.1,24.2,12.1,1.9,0.9,2,0.503,0.143,0.719,10.6,0.17,3.2,2.2,,,,
5,Dominique Wilkins,33,ATL,54,980,0.055,71,43,12,37.3,29.9,6.8,3.2,1,0.4,0.468,0.38,0.828,10.5,0.191,3.7,3.6,,,,
6,David Robinson,27,SAS,33,980,0.034,82,49,8,39.2,23.4,11.7,3.7,1.5,3.2,0.501,0.176,0.732,13.2,0.197,7,6.7,,,,
7,Shaquille O'Neal,20,ORL,30,980,0.031,81,41,16,37.9,23.4,13.9,1.9,0.7,3.5,0.562,0,0.592,10.4,0.163,4.4,3.7,,,,
8,Karl Malone,29,UTA,10,980,0.01,82,47,10,37.8,27,11.2,3.8,1.5,1,0.552,0.2,0.74,15.4,0.238,7.6,7.6,,,,
8,Mark Price,28,CLE,10,980,0.01,75,54,6,31.7,18.2,2.7,8,1.2,0.1,0.484,0.416,0.948,9.8,0.197,3.1,3.2,,,,
1,Hakeem Olajuwon,31,HOU,889,1010,0.88,80,58,2,41,27.3,11.9,3.6,1.6,3.7,0.528,0.421,0.716,14.3,0.21,7.4,7,,,,
2,David Robinson,28,SAS,730,1010,0.723,80,55,7,40.5,29.8,10.7,4.8,1.7,3.3,0.507,0.345,0.749,20,0.296,10.6,10.9,,,,
3,Scottie Pippen,28,CHI,390,1010,0.386,72,55,6,38.3,22,8.7,5.6,2.9,0.8,0.491,0.32,0.66,11.2,0.194,7.2,8.3,,,,
4,Shaquille O'Neal,21,ORL,289,1010,0.286,81,50,10,39.8,29.3,13.2,2.4,0.9,2.9,0.599,0,0.554,16.9,0.252,7.1,6.6,,,,
5,Patrick Ewing,31,NYK,255,1010,0.252,79,57,4,37.6,24.5,11.2,2.3,1.1,2.7,0.496,0.286,0.765,13.1,0.211,4.9,4.5,,,,
6,Gary Payton,25,SEA,20,1010,0.02,82,63,1,35.1,16.5,3.3,6,2.3,0.2,0.504,0.278,0.595,9.3,0.155,3.5,2.8,,,,
7,Shawn Kemp,24,SEA,17,1010,0.017,79,63,1,32.9,18.1,10.8,2.6,1.8,2.1,0.538,0.25,0.741,11.7,0.216,5.6,6.5,,,,
7,Karl Malone,30,UTA,17,1010,0.017,82,53,8,40.6,25.2,11.5,4,1.5,1.5,0.497,0.25,0.694,13.4,0.193,6.9,6.3,,,,
9,Mark Price,29,CLE,7,1010,0.007,76,47,11,31.4,17.3,3,7.8,1.4,0.1,0.478,0.397,0.888,10,0.201,3.9,4.6,,,,
10,Charles Barkley,30,PHO,5,1010,0.005,65,56,5,35.4,21.6,11.2,4.6,1.6,0.6,0.495,0.27,0.704,8.8,0.185,4.5,5.7,,,,
1,David Robinson,29,SAS,901,1050,0.858,81,62,1,38,27.6,10.8,2.9,1.7,3.2,0.53,0.3,0.774,17.5,0.273,8.1,8.4,,,,
2,Shaquille O'Neal,22,ORL,605,1050,0.576,79,57,4,37,29.3,11.4,2.7,0.9,2.4,0.583,0,0.533,14,0.23,5.4,5.4,,,,
3,Karl Malone,31,UTA,532,1050,0.507,82,60,2,38.1,26.7,10.6,3.5,1.6,1,0.536,0.268,0.742,13.8,0.212,6.1,5.8,,,,
4,Patrick Ewing,32,NYK,230,1050,0.219,79,55,6,37,23.9,11,2.7,0.9,2,0.503,0.286,0.75,9.6,0.157,3.1,2.2,,,,
5,Hakeem Olajuwon,32,HOU,147,1050,0.14,72,47,11,39.6,27.8,10.8,3.5,1.8,3.4,0.517,0.188,0.756,10.7,0.181,5.3,5.3,,,,
6,Charles Barkley,31,PHO,96,1050,0.091,68,59,3,35,23,11.1,4.1,1.6,0.7,0.486,0.338,0.748,10.6,0.214,5.1,6.4,,,,
7,Scottie Pippen,29,CHI,83,1050,0.079,79,47,10,38.2,21.4,8.1,5.2,2.9,1.1,0.48,0.345,0.716,11.8,0.188,7.4,7.8,,,,
8,John Stockton,32,UTA,47,1050,0.045,82,60,2,35,14.7,3.1,12.3,2.4,0.3,0.542,0.449,0.804,13.9,0.233,5.4,5.5,,,,
9,Gary Payton,26,SEA,34,1050,0.032,82,57,5,36.8,20.6,3.4,7.1,2.5,0.2,0.509,0.302,0.716,11.7,0.187,5,4.5,,,,
10,Anfernee Hardaway,23,ORL,23,1050,0.022,77,57,4,37.7,20.9,4.4,7.2,1.7,0.3,0.512,0.349,0.769,10.7,0.177,4.5,4.2,,,,
1,Michael Jordan,32,CHI,1114,1130,0.986,82,72,1,37.7,30.4,6.6,4.3,2.2,0.5,0.495,0.427,0.834,20.4,0.317,8.3,8.6,,,,
2,David Robinson,30,SAS,574,1130,0.508,82,59,4,36.8,25,12.2,3,1.4,3.3,0.516,0.333,0.761,18.3,0.29,8.5,9.2,,,,
3,Anfernee Hardaway,24,ORL,360,1130,0.319,82,60,3,36.8,21.7,4.3,7.1,2,0.5,0.513,0.314,0.767,14.4,0.229,6.4,6.4,,,,
4,Hakeem Olajuwon,33,HOU,238,1130,0.211,72,48,8,38.8,26.9,10.9,3.6,1.6,2.9,0.514,0.214,0.724,9.7,0.166,4.7,4.6,,,,
5,Scottie Pippen,30,CHI,226,1130,0.2,77,72,1,36.7,19.4,6.4,5.9,1.7,0.7,0.463,0.374,0.679,12.3,0.209,6.3,6.8,,,,
6,Gary Payton,27,SEA,98,1130,0.087,81,64,2,39,19.3,4.2,7.5,2.9,0.2,0.484,0.328,0.748,11.5,0.174,5.3,4.7,,,,
7,Karl Malone,32,UTA,85,1130,0.075,82,55,5,38,25.7,9.8,4.2,1.7,0.7,0.519,0.4,0.723,15.1,0.233,7.4,7.3,,,,
8,Shawn Kemp,26,SEA,73,1130,0.065,79,64,2,33.3,19.6,11.4,2.2,1.2,1.6,0.561,0.417,0.742,11.2,0.205,3.9,3.8,,,,
9,Grant Hill,23,DET,63,1130,0.056,80,46,12,40.8,20.2,9.8,6.9,1.3,0.6,0.462,0.192,0.751,11.7,0.172,5.8,5.1,,,,
9,Shaquille O'Neal,23,ORL,63,1130,0.056,54,60,3,36,26.6,11,2.9,0.6,2.1,0.573,0.5,0.487,6.9,0.171,2.7,3.5,,,,
1,Karl Malone,33,UTA,986,1150,0.857,82,64,2,36.6,27.4,9.9,4.5,1.4,0.6,0.55,0,0.755,16.7,0.268,7.9,8.5,,,,
2,Michael Jordan,33,CHI,957,1150,0.832,82,69,1,37.9,29.6,5.9,4.3,1.7,0.5,0.486,0.374,0.833,18.3,0.283,6.8,6.7,,,,
3,Grant Hill,24,DET,376,1150,0.327,80,54,10,39.3,21.4,9,7.3,1.8,0.6,0.496,0.303,0.711,14.6,0.223,7.9,8,,,,
4,Tim Hardaway,30,MIA,238,1150,0.207,81,61,3,38.7,20.3,3.4,8.6,1.9,0.1,0.415,0.344,0.799,12.9,0.198,5.6,5.1,,,,
5,Glen Rice,29,CHH,134,1150,0.117,79,54,9,42.6,26.8,4,2,0.9,0.3,0.477,0.47,0.867,10.8,0.154,2.7,1.2,,,,
6,Gary Payton,28,SEA,105,1150,0.091,82,57,6,39.2,21.8,4.6,7.1,2.4,0.2,0.476,0.313,0.715,12.9,0.193,6.2,5.6,,,,
7,Hakeem Olajuwon,34,HOU,95,1150,0.083,78,57,4,36.6,23.2,9.2,3,1.5,2.2,0.51,0.313,0.787,9.1,0.154,3.7,3.2,,,,
8,Patrick Ewing,34,NYK,57,1150,0.05,78,57,5,37,22.4,10.7,2,0.9,2.4,0.488,0.222,0.754,9.8,0.163,2.7,1.7,,,,
9,Anthony Mason,30,CHH,7,1150,0.006,73,54,9,43.1,16.2,11.4,5.7,1,0.5,0.525,0.333,0.745,11.4,0.173,5.2,4.5,,,,
9,Shaquille O'Neal,24,LAL,7,1150,0.006,51,56,8,38.1,26.2,12.5,3.1,0.9,2.9,0.557,0,0.484,8,0.197,4,6.3,,,,
1,Michael Jordan,34,CHI,1084,1160,0.934,82,62,1,38.8,28.7,5.8,3.5,1.7,0.5,0.465,0.238,0.784,15.8,0.238,5.3,4.6,,,,
2,Karl Malone,34,UTA,842,1160,0.726,81,62,2,37.4,27,10.3,3.9,1.2,0.9,0.53,0.333,0.761,16.4,0.259,6.9,7,,,,
3,Gary Payton,29,SEA,431,1160,0.372,82,61,4,38.4,19.2,4.6,8.3,2.3,0.2,0.453,0.338,0.744,12.5,0.19,5.6,5,,,,
4,Shaquille O'Neal,25,LAL,311,1160,0.268,60,61,3,36.3,28.3,11.4,2.4,0.7,2.4,0.584,0,0.527,10.2,0.224,3.6,4.6,,,,
5,Tim Duncan,21,SAS,148,1160,0.128,82,56,7,39.1,21.1,11.9,2.7,0.7,2.5,0.549,0,0.662,12.8,0.192,6,5.5,,,,
6,Tim Hardaway,31,MIA,71,1160,0.061,81,55,8,37.4,18.9,3.7,8.3,1.7,0.2,0.431,0.351,0.781,11.7,0.185,5.1,4.6,,,,
7,David Robinson,32,SAS,36,1160,0.031,73,56,7,33.7,21.6,10.6,2.7,0.9,2.6,0.511,0.25,0.735,13.8,0.269,6.1,7.8,,,,
8,Vin Baker,26,SEA,24,1160,0.021,82,61,4,35.9,19.2,8,1.9,1.1,1,0.542,0.143,0.591,10.4,0.169,3,2,,,,
9,Grant Hill,25,DET,23,1160,0.02,81,37,19,40.7,21.1,7.7,6.8,1.8,0.7,0.452,0.143,0.74,10.2,0.149,5.6,4.8,,,,
10,Scottie Pippen,32,CHI,14,1160,0.012,44,62,1,37.5,19.1,5.2,5.8,1.8,1,0.447,0.318,0.777,6.6,0.193,3.2,5.8,,,,
1,Karl Malone,35,UTA,827,1180,0.701,80.36,60.68,2,37.4,23.8,9.4,4.1,1.3,0.6,0.493,0,0.788,16.1007,0.252,6.585142667,6.8,49,37,9.6,4.1
2,Alonzo Mourning,28,MIA,773,1180,0.655,75.44,54.12,5,38.1,20.1,11,1.6,0.7,3.9,0.511,0,0.652,14.0589,0.216,4.568444,4.8,46,33,7.9,3
3,Tim Duncan,22,SAS,740,1180,0.627,82,60.68,1,39.3,21.7,11.4,2.4,0.9,2.5,0.495,0.143,0.69,14.3002875,0.213,5.649375,4.9,50,37,8.7,3.4
4,Allen Iverson,23,PHI,319,1180,0.27,78.72,45.92,12,41.5,26.8,4.9,4.6,2.3,0.1,0.412,0.291,0.751,12.26497917,0.173,5.25888,4.6,48,28,7.2,3.3
5,Jason Kidd,25,PHO,159,1180,0.135,82,44.28,14,41.2,16.9,6.8,10.8,2.3,0.4,0.444,0.366,0.757,13.23206667,0.188,6.695,5.8,50,27,8.1,4.1
6,Shaquille O'Neal,26,LAL,89,1180,0.075,80.36,50.84,9,34.8,26.3,10.7,2.3,0.7,1.7,0.576,0,0.54,15.15975,0.255,5.779207,6.3,49,31,9,3.6
7,Chris Webber,25,SAC,51,1180,0.043,68.88,44.28,15,40.9,20,13,4.1,1.4,2.1,0.486,0.118,0.454,7.126825,0.102,3.00615,3,42,27,3.6,2.1
8,Grant Hill,26,DET,39,1180,0.033,82,47.56,10,37,21.1,7.1,6,1.6,0.5,0.479,0,0.752,11.946375,0.189,6.166666667,6,50,29,7.3,3.8
9,Gary Payton,30,SEA,35,1180,0.03,82,41,18,40.2,21.7,4.9,8.7,2.2,0.2,0.434,0.295,0.721,11.8121,0.172,6.1975,5.4,50,25,7.2,3.8
10,Kevin Garnett,22,MIN,9,1180,0.008,77.08,41,17,37.9,20.8,10.4,4.3,1.7,1.8,0.46,0.286,0.704,9.452891667,0.146,5.372103917,5.7,47,25,5.4,3.5
1,Shaquille O'Neal,27,LAL,1207,1210,0.998,79,67,1,40,29.7,13.6,3.8,0.5,3,0.574,0,0.524,18.6,0.283,9.3,9.7,,,,
2,Kevin Garnett,23,MIN,408,1210,0.337,81,50,8,40,22.9,11.8,5,1.5,1.6,0.497,0.37,0.765,11.6,0.172,6.6,6.1,,,,
3,Alonzo Mourning,29,MIA,367,1210,0.303,79,52,7,34.8,21.7,9.5,1.6,0.5,3.7,0.551,0,0.711,12.9,0.226,4.6,4.6,,,,
4,Karl Malone,36,UTA,312,1210,0.258,82,55,4,35.9,25.5,9.5,3.7,1,0.9,0.509,0.25,0.797,15.3,0.249,6.6,6.9,,,,
5,Tim Duncan,23,SAS,248,1210,0.205,74,53,6,38.9,23.2,12.4,3.2,0.9,2.2,0.49,0.091,0.761,13,0.218,5.9,6.1,,,,
6,Gary Payton,31,SEA,180,1210,0.149,82,45,12,41.8,24.2,6.5,8.9,1.9,0.2,0.448,0.34,0.735,13.9,0.195,7.6,6.8,,,,
7,Allen Iverson,24,PHI,132,1210,0.109,70,49,11,40.8,28.4,3.8,4.7,2.1,0.1,0.421,0.341,0.713,6.9,0.116,3.3,2.6,,,,
8,Grant Hill,27,DET,113,1210,0.093,74,42,15,37.5,25.8,6.6,5.2,1.4,0.6,0.489,0.347,0.795,10.7,0.185,4.7,4.8,,,,
9,Chris Webber,26,SAC,96,1210,0.079,75,44,14,38.4,24.5,10.5,4.6,1.6,1.7,0.483,0.284,0.751,10.7,0.179,5.7,5.9,,,,
10,Vince Carter,23,TOR,51,1210,0.042,82,45,13,38.1,25.7,5.8,3.9,1.3,1.1,0.465,0.403,0.791,11.8,0.182,5.2,4.6,,,,
1,Allen Iverson,25,PHI,1121,1240,0.904,71,56,3,42,31.1,3.8,4.6,2.5,0.3,0.42,0.32,0.814,11.8,0.19,5.1,4.8,,,,
2,Tim Duncan,24,SAS,706,1240,0.569,82,56,1,38.7,22.2,12.2,3,0.9,2.3,0.499,0.259,0.618,13.2,0.2,5.9,5.4,,,,
3,Shaquille O'Neal,28,LAL,578,1240,0.466,74,56,2,39.5,28.7,12.7,3.7,0.6,2.8,0.572,0,0.513,14.9,0.245,5.8,7.3,,,,
4,Chris Webber,27,SAC,521,1240,0.42,70,55,4,40.5,27.1,11.1,4.2,1.3,1.7,0.481,0.071,0.703,11,0.186,4.9,4.9,,,,
5,Kevin Garnett,24,MIN,151,1240,0.122,81,47,12,39.5,22,11.4,5,1.4,1.8,0.477,0.288,0.764,11.8,0.176,6.2,5.7,,,,
6,Tracy McGrady,21,ORL,64,1240,0.052,77,43,17,40.1,26.8,7.5,4.6,1.5,1.5,0.457,0.355,0.733,12.2,0.189,5.9,5.6,,,,
7,Karl Malone,37,UTA,21,1240,0.017,81,53,6,35.7,23.2,8.3,4.5,1.1,0.8,0.498,0.4,0.793,13.1,0.217,5.8,5.9,,,,
8,Jason Kidd,27,PHO,18,1240,0.015,77,51,8,39.8,16.9,6.4,9.8,2.2,0.3,0.411,0.297,0.814,9.6,0.15,5.3,4.8,,,,
9,Kobe Bryant,22,LAL,11,1240,0.009,68,56,2,40.9,28.5,5.9,5,1.7,0.6,0.464,0.305,0.853,11.3,0.196,4.4,4.2,,,,
10,David Robinson,35,SAS,8,1240,0.006,80,56,1,29.6,14.4,8.6,1.5,1,2.5,0.486,0,0.747,12.1,0.246,4.5,5.5,,,,
1,Tim Duncan,25,SAS,954,1260,0.757,82,58,3,40.6,25.5,12.7,3.7,0.7,2.5,0.508,0.1,0.799,17.8,0.257,8.1,7.6,,,,
2,Jason Kidd,28,NJN,897,1260,0.712,82,52,5,37.3,14.7,7.3,9.9,2.1,0.2,0.391,0.321,0.814,8.9,0.14,5.4,5.1,,,,
3,Shaquille O'Neal,29,LAL,696,1260,0.552,67,58,2,36.1,27.2,10.7,3,0.6,2,0.579,0,0.555,13.2,0.262,5.5,7,,,,
4,Tracy McGrady,22,ORL,390,1260,0.31,76,44,12,38.3,25.6,7.9,5.3,1.6,1,0.451,0.364,0.748,11.5,0.189,5.9,6,,,,
5,Kobe Bryant,23,LAL,98,1260,0.078,80,58,2,38.3,25.2,5.5,5.5,1.5,0.4,0.469,0.25,0.829,12.7,0.199,5,4.4,,,,
6,Gary Payton,33,SEA,54,1260,0.043,82,45,10,40.3,22.1,4.8,9,1.6,0.3,0.467,0.314,0.797,12.6,0.183,5.5,4.6,,,,
7,Chris Webber,28,SAC,37,1260,0.029,54,61,1,38.4,24.5,10.1,4.8,1.7,1.4,0.495,0.263,0.749,8.6,0.2,4.3,6.2,,,,
8,Dirk Nowitzki,23,DAL,31,1260,0.025,76,57,4,38,23.4,9.9,2.4,1.1,1,0.477,0.397,0.853,13.4,0.222,4.8,4.7,,,,
9,Allen Iverson,26,PHI,29,1260,0.023,60,43,14,43.7,31.4,4.5,5.5,2.8,0.2,0.398,0.291,0.812,6.9,0.126,3.9,3.8,,,,
10,Ben Wallace,27,DET,24,1260,0.019,80,50,6,36.5,7.6,13,1.4,1.7,3.5,0.531,0,0.423,11.6,0.19,5.9,5.9,,,,
1,Tim Duncan,26,SAS,962,1190,0.808,81,60,2,39.3,23.3,12.9,3.9,0.7,2.9,0.513,0.273,0.71,16.5,0.248,7.6,7.4,,,,
2,Kevin Garnett,26,MIN,871,1190,0.732,82,51,4,40.5,23,13.4,6,1.4,1.6,0.502,0.282,0.751,15.6,0.225,9,8.7,,,,
3,Kobe Bryant,24,LAL,496,1190,0.417,82,50,6,41.5,30,6.9,5.9,2.2,0.8,0.451,0.383,0.843,14.9,0.21,7.1,6.4,,,,
4,Tracy McGrady,23,ORL,427,1190,0.359,75,42,17,39.4,32.1,6.5,5.5,1.7,0.8,0.457,0.386,0.793,16.1,0.262,8.7,9.7,,,,
5,Shaquille O'Neal,30,LAL,126,1190,0.106,67,50,6,37.8,27.5,11.1,3.1,0.6,2.4,0.574,0,0.622,13.2,0.25,5.3,6.3,,,,
6,Allen Iverson,27,PHI,83,1190,0.07,82,48,10,42.5,27.6,4.2,5.5,2.7,0.2,0.414,0.277,0.774,9.2,0.127,4.2,2.8,,,,
7,Dirk Nowitzki,24,DAL,43,1190,0.036,80,60,1,39,25.1,9.9,3,1.4,1,0.463,0.379,0.881,16.1,0.249,6.1,5.7,,,,
8,Ben Wallace,28,DET,33,1190,0.028,73,50,5,39.4,6.9,15.4,1.6,1.4,3.2,0.481,0.167,0.45,10.6,0.176,5.1,5.1,,,,
9,Jason Kidd,29,NJN,31,1190,0.026,80,49,8,37.4,18.7,6.3,8.9,2.2,0.3,0.414,0.341,0.841,11.3,0.182,6.7,6.9,,,,
10,Chris Webber,29,SAC,19,1190,0.016,67,59,3,39.1,23,10.5,5.4,1.6,1.3,0.461,0.238,0.607,6.9,0.127,3.8,3.8,,,,
1,Kevin Garnett,27,MIN,1219,1230,0.991,82,58,2,39.4,24.2,13.9,5,1.5,2.2,0.499,0.256,0.791,18.3,0.272,9.8,9.9,,,,
2,Tim Duncan,27,SAS,716,1230,0.582,69,57,3,36.6,22.3,12.4,3.1,0.9,2.7,0.501,0.167,0.599,13.1,0.249,5.9,7.3,,,,
3,Jermaine O'Neal,25,IND,523,1230,0.425,78,61,1,35.7,20.1,10,2.1,0.8,2.6,0.434,0.111,0.757,9,0.155,2.7,1.8,,,,
4,Peja Stojakovic,26,SAC,281,1230,0.228,81,55,5,40.3,24.2,6.3,2.1,1.3,0.2,0.48,0.433,0.927,13.5,0.198,4.7,3.7,,,,
5,Kobe Bryant,25,LAL,212,1230,0.172,65,56,4,37.6,24,5.5,5.1,1.7,0.4,0.438,0.327,0.852,10.7,0.21,4.7,5.7,,,,
6,Shaquille O'Neal,31,LAL,178,1230,0.145,67,56,4,36.8,21.5,11.5,2.9,0.5,2.5,0.584,0,0.49,9.9,0.192,4.6,5.4,,,,
7,Ben Wallace,29,DET,24,1230,0.02,81,54,6,37.7,9.5,12.4,1.7,1.8,3,0.421,0.125,0.49,10.2,0.16,5.5,5.1,,,,
8,Jason Kidd,30,NJN,17,1230,0.014,67,47,9,36.6,15.5,6.4,9.2,1.8,0.2,0.384,0.321,0.827,7.2,0.141,4.1,4.5,,,,
9,LeBron James,19,CLE,11,1230,0.009,79,35,21,39.5,20.9,5.5,5.9,1.6,0.7,0.417,0.29,0.754,5.1,0.078,3.1,1.9,,,,
1,Steve Nash,30,PHO,1066,1270,0.839,75,62,1,34.3,15.5,3.3,11.5,1,0.1,0.502,0.431,0.887,10.9,0.203,2.4,1.7,,,,
2,Shaquille O'Neal,32,MIA,1032,1270,0.813,73,59,2,34.1,22.9,10.4,2.7,0.5,2.3,0.601,0,0.461,11,0.211,4.7,5.6,,,,
3,Dirk Nowitzki,26,DAL,349,1270,0.275,78,58,4,38.7,26.1,9.7,3.1,1.2,1.5,0.459,0.399,0.869,15.6,0.248,5.9,5.7,,,,
4,Tim Duncan,28,SAS,328,1270,0.258,66,59,3,33.4,20.3,11.1,2.7,0.7,2.6,0.496,0.333,0.67,11.2,0.245,4.7,6.4,,,,
5,Allen Iverson,29,PHI,240,1270,0.189,75,43,16,42.3,30.7,4,7.9,2.4,0.1,0.424,0.308,0.835,9,0.136,5,4.3,,,,
6,LeBron James,20,CLE,93,1270,0.073,80,42,18,42.4,27.2,7.4,7.2,2.2,0.7,0.472,0.351,0.75,14.3,0.203,8.8,8.3,,,,
7,Tracy McGrady,25,HOU,44,1270,0.035,78,51,7,40.8,25.7,6.2,5.7,1.7,0.7,0.431,0.326,0.774,12,0.18,7,6.8,,,,
8,Dwyane Wade,23,MIA,43,1270,0.034,77,59,2,38.6,24.1,5.2,6.8,1.6,1.1,0.478,0.289,0.762,11,0.177,4.8,4.4,,,,
9,Amar'e Stoudemire,22,PHO,41,1270,0.032,80,62,1,36.1,26,8.9,1.6,1,1.6,0.559,0.188,0.733,14.6,0.243,3.9,3.4,,,,
9,Ray Allen,29,SEA,41,1270,0.032,78,52,6,39.3,23.9,4.4,3.7,1.1,0.1,0.428,0.376,0.883,10.7,0.168,4.4,3.7,,,,
1,Steve Nash,31,PHO,924,1250,0.739,79,54,4,35.4,18.8,4.2,10.5,0.8,0.2,0.512,0.439,0.921,12.4,0.212,4,3.7,,,,
2,LeBron James,21,CLE,688,1250,0.55,79,50,6,42.5,31.4,7,6.6,1.6,0.8,0.48,0.335,0.738,16.3,0.232,9.5,9.3,,,,
3,Dirk Nowitzki,27,DAL,544,1250,0.435,81,60,3,38.1,26.6,9,2.8,0.7,1,0.48,0.406,0.901,17.7,0.275,6,5.7,,,,
4,Kobe Bryant,27,LAL,483,1250,0.386,80,45,10,41,35.4,5.3,4.5,1.8,0.4,0.45,0.347,0.85,15.3,0.224,6.5,5.8,,,,
5,Chauncey Billups,29,DET,430,1250,0.344,81,64,1,36.1,18.5,3.1,8.6,0.9,0.1,0.418,0.433,0.894,15.5,0.254,4.9,4.7,,,,
6,Dwyane Wade,24,MIA,87,1250,0.07,75,52,5,38.6,27.2,5.7,6.7,1.9,0.8,0.495,0.171,0.783,14.4,0.239,7,7.5,,,,
7,Elton Brand,26,LAC,50,1250,0.04,79,47,9,39.2,24.7,10,2.6,1,2.5,0.527,0.333,0.775,14.8,0.229,6.5,6.3,,,,
8,Tim Duncan,29,SAS,33,1250,0.026,80,63,2,34.8,18.6,11,3.2,0.9,2,0.484,0.4,0.629,10.8,0.187,4.6,4.6,,,,
9,Tony Parker,23,SAS,9,1250,0.007,80,63,2,33.9,18.9,3.3,5.8,1,0.1,0.548,0.306,0.707,9.6,0.169,3.1,2.6,,,,
1,Dirk Nowitzki,28,DAL,1138,1290,0.882,78,67,1,36.2,24.6,8.9,3.4,0.7,0.8,0.502,0.416,0.904,16.3,0.278,6.2,6.7,,,,
2,Steve Nash,32,PHO,1013,1290,0.785,76,61,2,35.3,18.6,3.5,11.6,0.8,0.1,0.532,0.455,0.899,12.6,0.225,3.9,3.8,,,,
3,Kobe Bryant,28,LAL,521,1290,0.404,77,42,13,40.8,31.6,5.7,5.4,1.4,0.5,0.463,0.344,0.868,13,0.199,5.3,4.7,,,,
4,Tim Duncan,30,SAS,286,1290,0.222,80,58,3,34.1,20,10.6,3.4,0.8,2.4,0.546,0.111,0.637,13,0.23,6.3,7.1,,,,
5,LeBron James,22,CLE,183,1290,0.142,78,50,7,40.9,27.3,6.7,6,1.6,0.7,0.476,0.319,0.698,13.7,0.206,7.6,7.4,,,,
6,Tracy McGrady,27,HOU,110,1290,0.085,71,52,5,35.8,24.6,5.3,6.5,1.3,0.5,0.431,0.331,0.707,8.6,0.163,5.2,6.2,,,,
7,Chris Bosh,22,TOR,43,1290,0.033,69,47,9,38.5,22.6,10.7,2.5,0.6,1.3,0.496,0.343,0.785,9.6,0.174,3.1,2.6,,,,
8,Gilbert Arenas,25,WAS,31,1290,0.024,74,41,15,39.8,28.4,4.6,6,1.9,0.2,0.418,0.351,0.844,10.8,0.177,5.2,5,,,,
9,Carlos Boozer,25,UTA,7,1290,0.005,74,51,6,34.6,20.9,11.7,3,0.9,0.3,0.561,0,0.685,9.9,0.185,4.3,4.6,,,,
9,Kevin Garnett,30,MIN,7,1290,0.005,76,32,24,39.4,22.4,12.8,4.1,1.2,1.7,0.476,0.214,0.835,10.7,0.171,5.2,5,,,,
1,Kobe Bryant,29,LAL,1100,1260,0.873,82,57,3,38.9,28.3,6.3,5.4,1.8,0.5,0.459,0.361,0.84,13.8,0.208,6,5.4,,,,
2,Chris Paul,22,NOH,894,1260,0.71,80,56,4,37.6,21.1,4,11.6,2.7,0.1,0.488,0.369,0.851,17.8,0.284,8.5,9.2,,,,
3,Kevin Garnett,31,BOS,670,1260,0.532,71,66,1,32.8,18.8,9.2,3.4,1.4,1.3,0.539,0,0.801,12.9,0.265,5.5,7.4,,,,
4,LeBron James,23,CLE,438,1260,0.348,75,45,13,40.4,30,7.9,7.2,1.8,1.1,0.484,0.315,0.712,15.2,0.242,10.1,11.2,,,,
5,Dwight Howard,22,ORL,60,1260,0.048,82,52,9,37.7,20.7,14.2,1.3,0.9,2.1,0.599,0,0.59,12.9,0.2,3.3,2.2,,,,
6,Amar'e Stoudemire,25,PHO,27,1260,0.021,79,55,7,33.9,25.2,9.1,1.5,0.8,2.1,0.59,0.161,0.805,14.6,0.262,4,3.9,,,,
7,Tim Duncan,31,SAS,25,1260,0.02,78,56,5,34,19.3,11.3,2.8,0.7,1.9,0.497,0,0.73,11.1,0.201,4.5,4.7,,,,
8,Tracy McGrady,28,HOU,19,1260,0.015,66,55,6,37,21.6,5.1,5.9,1,0.5,0.419,0.292,0.684,5.8,0.115,2.7,2.4,,,,
9,Steve Nash,33,PHO,18,1260,0.014,81,55,7,34.3,16.9,3.5,11.1,0.7,0.1,0.504,0.47,0.906,10.5,0.181,2.6,1.6,,,,
10,Manu Ginobili,30,SAS,9,1260,0.007,74,56,5,31.1,19.5,4.8,4.5,1.5,0.4,0.46,0.401,0.86,11.1,0.232,5.9,8.1,,,,
1,LeBron James,24,CLE,1172,1210,0.969,81,66,1,37.7,28.4,7.6,7.2,1.7,1.1,0.489,0.344,0.78,20.3,0.318,11.6,13,,,,
2,Kobe Bryant,30,LAL,698,1210,0.577,82,65,2,36.1,26.8,5.2,4.9,1.5,0.5,0.467,0.351,0.856,12.7,0.206,4.9,4.5,,,,
3,Dwyane Wade,27,MIA,680,1210,0.562,79,43,14,38.6,30.2,5,7.5,2.2,1.3,0.491,0.317,0.765,14.7,0.232,9.7,10.7,,,,
4,Dwight Howard,23,ORL,328,1210,0.271,79,59,4,35.7,20.6,13.8,1.4,1,2.9,0.572,0,0.594,13.8,0.234,4.6,4.4,,,,
5,Chris Paul,23,NOH,192,1210,0.159,78,49,10,38.5,22.8,5.5,11,2.8,0.1,0.503,0.364,0.868,18.3,0.292,10,11.2,,,,
6,Chauncey Billups,32,TOT,33,1210,0.027,79,55,5,35.3,17.7,3,6.4,1.2,0.2,0.418,0.408,0.913,10.1,0.174,3.2,2.5,,,,
7,Paul Pierce,31,BOS,21,1210,0.017,81,62,3,37.5,20.5,5.6,3.6,1,0.3,0.457,0.391,0.83,10.3,0.164,3.4,2.5,,,,
8,Tony Parker,26,SAS,9,1210,0.007,72,54,7,34.1,22,3.1,6.9,0.9,0.1,0.506,0.292,0.782,8.6,0.168,3.2,3.1,,,,
9,Brandon Roy,24,POR,7,1210,0.006,78,54,6,37.2,22.6,4.7,5.1,1.1,0.3,0.48,0.377,0.824,13.5,0.223,5.7,5.8,,,,
10,Dirk Nowitzki,30,DAL,3,1210,0.002,81,50,9,37.7,25.9,8.4,2.4,0.8,0.8,0.479,0.359,0.89,10.9,0.171,2.4,1.2,,,,
1,LeBron James,25,CLE,1205,1230,0.98,76,61,1,39,29.7,7.3,8.6,1.6,1,0.503,0.333,0.767,18.5,0.299,10.9,12.5,,,,
2,Kevin Durant,21,OKC,609,1230,0.495,82,50,10,39.5,30.1,7.6,2.8,1.4,1,0.476,0.365,0.9,16.1,0.238,5.8,5.1,,,,
3,Kobe Bryant,31,LAL,599,1230,0.487,73,57,3,38.8,27,5.4,5,1.5,0.3,0.456,0.329,0.811,9.4,0.16,4,3.6,,,,
4,Dwight Howard,24,ORL,478,1230,0.389,82,59,2,34.7,18.3,13.2,1.8,0.9,2.8,0.612,0,0.592,13.2,0.223,5.4,5.5,,,,
5,Dwyane Wade,28,MIA,119,1230,0.097,77,47,13,36.3,26.6,4.8,6.5,1.8,1.1,0.476,0.3,0.761,13,0.224,8,9.4,,,,
6,Carmelo Anthony,25,DEN,65,1230,0.053,69,53,7,38.2,28.2,6.6,3.2,1.3,0.4,0.458,0.316,0.83,7.9,0.145,2.3,1.4,,,,
7,Dirk Nowitzki,31,DAL,55,1230,0.045,81,55,4,37.5,25,7.7,2.7,0.9,1,0.481,0.421,0.915,12.3,0.194,3.5,2.6,,,,
8,Steve Nash,35,PHO,49,1230,0.04,81,54,5,32.8,16.5,3.3,11,0.5,0.1,0.507,0.426,0.938,9.9,0.178,2.6,1.8,,,,
9,Deron Williams,25,UTA,7,1230,0.006,76,53,8,36.9,18.7,4,10.5,1.3,0.2,0.469,0.371,0.801,10.3,0.177,3.7,3.3,,,,
10,Amar'e Stoudemire,27,PHO,5,1230,0.004,82,54,5,34.6,23.1,8.9,1,0.6,1,0.557,0.167,0.771,10.7,0.181,1.6,0.3,,,,
1,Derrick Rose,22,CHI,1182,1210,0.977,81,62,1,37.4,25,4.1,7.7,1,0.6,0.445,0.332,0.858,13.1,0.208,6,5.9,,,,
2,Dwight Howard,25,ORL,643,1210,0.531,78,52,8,37.6,22.9,14.1,1.4,1.4,2.4,0.593,0,0.596,14.4,0.235,5,4.8,,,,
3,LeBron James,26,MIA,522,1210,0.431,79,58,3,38.8,26.7,7.5,7,1.6,0.6,0.51,0.33,0.759,15.6,0.244,8.2,8.6,,,,
4,Kobe Bryant,32,LAL,428,1210,0.354,82,57,5,33.9,25.3,5.1,4.7,1.2,0.1,0.451,0.323,0.828,10.3,0.178,4.1,3.8,,,,
5,Kevin Durant,22,OKC,190,1210,0.157,78,55,7,38.9,27.7,6.8,2.7,1.1,1,0.462,0.35,0.88,12,0.189,3.7,2.9,,,,
6,Dirk Nowitzki,32,DAL,113,1210,0.093,73,57,4,34.3,23,7,2.6,0.5,0.6,0.517,0.393,0.892,11.1,0.213,3.7,3.8,,,,
7,Dwyane Wade,29,MIA,24,1210,0.02,76,58,3,37.1,25.5,6.4,4.6,1.5,1.1,0.5,0.306,0.758,12.8,0.218,5.7,5.9,,,,
8,Manu Ginobili,33,SAS,20,1210,0.017,80,61,2,30.3,17.4,3.7,4.9,1.5,0.4,0.433,0.349,0.871,9.9,0.195,4.5,5.3,,,,
9,Amar'e Stoudemire,28,NYK,9,1210,0.007,78,42,15,36.8,25.3,8.2,2.6,0.9,1.9,0.502,0.435,0.792,8,0.134,1.9,0.7,,,,
10,Blake Griffin,21,LAC,5,1210,0.004,82,32,23,38,22.5,12.1,3.8,0.8,0.5,0.506,0.292,0.642,9.8,0.152,4,3.2,,,,
10,Rajon Rondo,24,BOS,5,1210,0.004,68,56,6,37.2,10.6,4.4,11.2,2.3,0.2,0.475,0.233,0.568,6.6,0.126,2.5,2,,,,
1,LeBron James,27,MIA,1074,1210,0.888,77.03030303,57.15151515,4,37.5,27.1,7.9,6.2,1.9,0.8,0.531,0.362,0.771,19.090625,0.298,11.83049242,11,62,46,14.5,7.6
2,Kevin Durant,23,OKC,889,1210,0.735,82,58.39393939,3,38.6,28,8,3.5,1.3,1.2,0.496,0.387,0.86,15.16658333,0.23,7.6428,5.2,66,47,12.2,4.6
3,Chris Paul,26,LAC,385,1210,0.318,74.54545455,49.6969697,9,36.4,19.8,3.6,9.1,2.5,0.1,0.478,0.371,0.861,17.28696667,0.278,8.19,7.9,60,40,12.7,5.4
4,Kobe Bryant,33,LAL,352,1210,0.291,72.06060606,50.93939394,6,38.5,27.9,5.4,4.6,1.2,0.3,0.43,0.303,0.845,8.68175,0.132,3.515847222,2.3,58,41,6.2,2.4
5,Tony Parker,29,SAS,331,1210,0.274,74.54545455,62.12121212,2,32.1,18.3,2.9,7.7,1,0.1,0.48,0.23,0.799,9.7062375,0.177,2.699318182,1.7,60,50,7.1,1.8
6,Kevin Love,23,MIN,58,1210,0.048,68.33333333,32.3030303,21,39,26,13.3,2,0.9,0.5,0.448,0.372,0.824,14.857375,0.223,4.841145833,4.5,55,26,10,3.5
7,Dwight Howard,26,ORL,13,1210,0.011,67.09090909,45.96969697,12,38.3,20.6,14.5,1.9,1.5,2.1,0.573,0,0.491,11.71182083,0.179,4.089395455,3.8,54,37,7.7,3
8,Rajon Rondo,25,BOS,12,1210,0.01,65.84848485,48.45454545,10,36.9,11.9,4.8,11.7,1.8,0.1,0.448,0.238,0.597,7.6275375,0.121,2.15941875,1.3,53,39,4.9,1.6
9,Steve Nash,37,PHO,7,1210,0.006,77.03030303,41,18,31.6,12.5,3,10.7,0.6,0.1,0.532,0.39,0.894,7.7736,0.144,1.150287879,-0.5,62,33,5.9,0.7
10,Dwyane Wade,30,MIA,6,1210,0.005,60.87878788,57.15151515,4,33.2,22.1,4.8,4.6,1.7,1.3,0.497,0.268,0.791,12.87468333,0.227,4.176891162,6.3,49,46,7.7,3.4
1,LeBron James,28,MIA,1207,1210,0.998,76,66,1,37.9,26.8,8,7.3,1.7,0.9,0.565,0.406,0.753,19.3,0.322,9.8,11.6,,,,
2,Kevin Durant,24,OKC,765,1210,0.632,81,60,2,38.5,28.1,7.9,4.6,1.4,1.3,0.51,0.416,0.905,18.9,0.291,7.6,7.7,,,,
3,Carmelo Anthony,28,NYK,475,1210,0.393,67,54,7,37,28.7,6.9,2.6,0.8,0.5,0.449,0.379,0.83,9.5,0.184,2.8,2.4,,,,
4,Chris Paul,27,LAC,289,1210,0.239,70,56,5,33.4,16.9,3.7,9.7,2.4,0.1,0.481,0.328,0.885,13.9,0.287,5.6,7.5,,,,
5,Kobe Bryant,34,LAL,184,1210,0.152,78,45,13,38.6,27.3,5.6,6,1.4,0.3,0.463,0.324,0.839,10.9,0.174,5.1,4.7,,,,
6,Tony Parker,30,SAS,86,1210,0.071,66,58,3,32.9,20.3,3,7.6,0.8,0.1,0.522,0.353,0.845,9.3,0.206,2.6,2.7,,,,
7,Tim Duncan,36,SAS,65,1210,0.054,69,58,3,30.1,17.8,9.9,2.7,0.7,2.7,0.502,0.286,0.817,8.3,0.191,3.2,4.1,,,,
8,James Harden,23,HOU,33,1210,0.027,78,45,12,38.3,25.9,4.9,5.8,1.8,0.5,0.438,0.368,0.851,12.8,0.206,5.7,5.5,,,,
9,Russell Westbrook,24,OKC,9,1210,0.007,82,60,2,34.9,23.2,5.2,7.4,1.8,0.3,0.438,0.323,0.8,11.6,0.195,5.1,5,,,,
10,Dwyane Wade,31,MIA,5,1210,0.004,69,66,1,34.7,21.2,5,5.1,1.9,0.8,0.521,0.258,0.725,9.6,0.192,3.5,3.9,,,,
1,Kevin Durant,25,OKC,1232,1250,0.986,81,59,2,38.5,32,7.4,5.5,1.3,0.7,0.503,0.391,0.873,19.2,0.295,8.5,8.8,,,,
2,LeBron James,29,MIA,891,1250,0.713,77,54,6,37.7,27.1,6.9,6.3,1.6,0.3,0.567,0.379,0.75,15.9,0.264,8,8.9,,,,
3,Blake Griffin,24,LAC,434,1250,0.347,80,57,3,35.8,24.1,9.5,3.9,1.2,0.6,0.528,0.273,0.715,12.2,0.205,4.8,4.6,,,,
4,Joakim Noah,28,CHI,322,1250,0.258,80,48,11,35.3,12.6,11.3,5.4,1.2,1.5,0.475,0,0.737,11.2,0.19,6.1,6.6,,,,
5,James Harden,24,HOU,85,1250,0.068,73,54,5,38,25.4,4.7,6.1,1.6,0.4,0.456,0.366,0.866,12.8,0.221,5.4,5.7,,,,
6,Stephen Curry,25,GSW,66,1250,0.053,78,51,8,36.5,24,4.3,8.5,1.6,0.2,0.471,0.424,0.885,13.4,0.225,6.7,7.4,,,,
7,Chris Paul,28,LAC,45,1250,0.036,62,57,3,35,19.1,4.3,10.7,2.5,0.1,0.467,0.368,0.855,12.2,0.27,5.2,7.4,,,,
8,Al Jefferson,29,CHA,34,1250,0.027,73,43,16,35,21.8,10.8,2.1,0.9,1.1,0.509,0.2,0.69,7.8,0.146,2.5,1.8,,,,
9,Paul George,23,IND,33,1250,0.026,80,56,4,36.2,21.7,6.8,3.5,1.9,0.3,0.424,0.364,0.864,10.8,0.178,4.9,4.7,,,,
10,LaMarcus Aldridge,28,POR,26,1250,0.021,69,54,7,36.2,23.2,11.1,2.6,0.9,1,0.458,0.2,0.822,7.5,0.144,1.5,0.3,,,,
1,Stephen Curry,26,GSW,1198,1300,0.922,80,67,1,32.7,23.8,4.3,7.7,2,0.2,0.487,0.443,0.914,15.7,0.288,7.9,9.9,,,,
2,James Harden,25,HOU,936,1300,0.72,81,56,3,36.8,27.4,5.7,7,1.9,0.7,0.44,0.375,0.868,16.4,0.265,7.8,8.4,,,,
3,LeBron James,30,CLE,552,1300,0.425,69,53,7,36.1,25.3,6,7.4,1.6,0.7,0.488,0.354,0.71,10.4,0.199,5.9,7.4,,,,
4,Russell Westbrook,26,OKC,352,1300,0.271,67,45,14,34.4,28.1,7.3,8.6,2.1,0.2,0.426,0.299,0.835,10.6,0.222,7.6,11,,,,
5,Anthony Davis,21,NOP,203,1300,0.156,68,45,13,36.1,24.4,10.2,2.2,1.5,2.9,0.535,0.083,0.805,14,0.274,5.7,7.1,,,,
6,Chris Paul,29,LAC,124,1300,0.095,82,56,4,34.8,19.1,4.6,10.2,1.9,0.2,0.485,0.398,0.9,16.1,0.27,6.9,7.5,,,,
7,LaMarcus Aldridge,29,POR,6,1300,0.005,71,51,8,35.4,23.4,10.2,1.7,0.7,1,0.466,0.352,0.845,8.6,0.165,1.4,0.3,,,,
8,Marc Gasol,30,MEM,3,1300,0.002,81,55,5,33.2,17.4,7.8,3.8,0.9,1.6,0.494,0.176,0.795,10.2,0.182,4.6,4.8,,,,
8,Blake Griffin,25,LAC,3,1300,0.002,67,56,4,35.2,21.9,7.6,5.3,0.9,0.5,0.502,0.4,0.728,9,0.183,3.6,4.1,,,,
1,Stephen Curry,27,GSW,1310,1310,1,79,73,1,34.2,30.1,5.4,6.7,2.1,0.2,0.504,0.454,0.908,17.9,0.318,9.8,12.5,,,,
2,Kawhi Leonard,24,SAS,634,1310,0.484,72,67,2,33.1,21.2,6.8,2.6,1.8,1,0.506,0.443,0.874,13.7,0.277,6.2,8.3,,,,
3,LeBron James,31,CLE,631,1310,0.482,76,57,3,35.6,25.3,7.4,6.8,1.4,0.6,0.52,0.309,0.731,13.6,0.242,7.6,9.1,,,,
4,Russell Westbrook,27,OKC,486,1310,0.371,80,55,5,34.4,23.5,7.8,10.4,2,0.3,0.454,0.296,0.812,14,0.245,8.3,10,,,,
5,Kevin Durant,27,OKC,147,1310,0.112,72,55,5,35.8,28.2,8.2,5,1,1.2,0.505,0.387,0.898,14.5,0.27,6.4,7.9,,,,
6,Chris Paul,30,LAC,107,1310,0.082,74,53,6,32.7,19.5,4.2,10,2.1,0.2,0.462,0.371,0.896,12.7,0.253,6,7.8,,,,
7,Draymond Green,25,GSW,50,1310,0.038,81,73,1,34.7,14,9.5,7.4,1.5,1.4,0.49,0.388,0.696,11.1,0.19,5.5,5.8,,,,
8,Damian Lillard,25,POR,26,1310,0.02,75,44,13,35.7,25.1,4,6.8,0.9,0.4,0.419,0.375,0.892,9.2,0.165,3.8,3.7,,,,
9,James Harden,26,HOU,9,1310,0.007,82,41,17,38.1,29,6.1,7.5,1.7,0.6,0.439,0.359,0.86,13.3,0.204,6.9,6.7,,,,
10,Kyle Lowry,29,TOR,6,1310,0.005,77,56,4,37,21.2,4.7,6.4,2.1,0.4,0.427,0.388,0.811,11.6,0.196,6.3,6.8,,,,
1,Russell Westbrook,28,OKC,888,1010,0.879,81,47,10,34.6,31.6,10.7,10.4,1.6,0.4,0.425,0.343,0.845,13.1,0.224,12.4,15.6,,,,
2,James Harden,27,HOU,753,1010,0.746,81,55,3,36.4,29.1,8.1,11.2,1.5,0.5,0.44,0.347,0.847,15,0.245,9,10.1,,,,
3,Kawhi Leonard,25,SAS,500,1010,0.495,74,61,2,33.4,25.5,5.8,3.5,1.8,0.7,0.485,0.38,0.88,13.6,0.264,6.2,7.9,,,,
4,LeBron James,32,CLE,333,1010,0.33,74,51,5,37.8,26.4,8.6,8.7,1.2,0.6,0.548,0.363,0.674,12.9,0.221,7.3,8.4,,,,
5,Isaiah Thomas,27,BOS,81,1010,0.08,76,53,4,33.8,28.9,2.7,5.9,0.9,0.2,0.463,0.379,0.909,12.5,0.234,4.8,5.4,,,,
6,Stephen Curry,28,GSW,52,1010,0.051,79,67,1,33.4,25.3,4.5,6.6,1.8,0.2,0.468,0.411,0.898,12.6,0.229,6.2,7.3,,,,
7,Giannis Antetokounmpo,22,MIL,7,1010,0.007,80,42,14,35.6,22.9,8.8,5.4,1.6,1.9,0.521,0.272,0.77,12.4,0.21,6.9,7.6,,,,
7,John Wall,26,WAS,7,1010,0.007,78,49,9,36.4,23.1,4.2,10.7,2,0.6,0.451,0.327,0.801,8.8,0.149,4.3,4.1,,,,
9,Anthony Davis,23,NOP,2,1010,0.002,75,34,21,36.1,28,11.8,2.1,1.3,2.2,0.505,0.299,0.802,11,0.195,3.9,3.7,,,,
9,Kevin Durant,28,GSW,2,1010,0.002,62,67,1,33.4,25.1,8.3,4.8,1.1,1.6,0.537,0.375,0.875,12,0.278,5.2,8,,,,
1,James Harden,28,HOU,965,1010,0.955,72,65,1,35.4,30.4,5.4,8.8,1.8,0.7,0.449,0.367,0.858,15.4,0.289,8.3,10.9,,,,
2,LeBron James,33,CLE,738,1010,0.731,82,50,6,36.9,27.5,8.6,9.1,1.4,0.9,0.542,0.367,0.731,14,0.221,8.9,9.6,,,,
3,Anthony Davis,24,NOP,445,1010,0.441,75,48,9,36.4,28.1,11.1,2.3,1.5,2.6,0.534,0.34,0.828,13.7,0.241,4.9,5.2,,,,
4,Damian Lillard,27,POR,207,1010,0.205,73,49,7,36.6,26.9,4.5,6.6,1.1,0.4,0.439,0.361,0.916,12.6,0.227,5.9,6.7,,,,
5,Russell Westbrook,29,OKC,76,1010,0.075,80,48,10,36.4,25.4,10.1,10.3,1.8,0.3,0.449,0.298,0.737,10.1,0.166,7.5,8.2,,,,
6,Giannis Antetokounmpo,23,MIL,75,1010,0.074,75,44,16,36.7,26.9,10,4.8,1.5,1.4,0.529,0.307,0.76,11.9,0.207,5.4,5.8,,,,
7,Kevin Durant,29,GSW,66,1010,0.065,68,58,3,34.2,26.4,6.8,5.4,0.7,1.8,0.516,0.419,0.889,10.4,0.215,4.5,5.6,,,,
8,DeMar DeRozan,28,TOR,32,1010,0.032,80,59,2,33.9,23,3.9,5.2,1.1,0.3,0.456,0.312,0.825,9.6,0.17,2.6,1.8,,,,
9,LaMarcus Aldridge,32,SAS,6,1010,0.006,75,47,13,33.5,23.1,8.5,2,0.6,1.2,0.51,0.293,0.837,10.9,0.209,3.3,3.3,,,,
10,Jimmy Butler,28,MIN,5,1010,0.005,59,47,12,36.7,22.2,5.3,4.9,2,0.4,0.474,0.35,0.854,8.9,0.198,3.8,5,,,,
10,Stephen Curry,29,GSW,5,1010,0.005,51,58,3,32,26.4,5.1,6.1,1.6,0.2,0.495,0.423,0.921,9.1,0.267,4.4,8.6,,,,
