rank,won_mvp,player,season_start,age,pos,pos_number,tm,pts_won,pts_max,vote_share,all_star_votes,g,team_wins,overall_seed,preseason_odds_rank,mp,fgm,fga,fg_perc,3pm,3pa,3p_perc,2pm,2pa,2p_perc,efg,ftm,fta,ft_perc,orb,drb,trb,ast,stl,blk,tov,pf,pts,per,ts,3par,ftr,orb_perc,drb_perc,trb_perc,ast_perc,stl_perc,blk_perc,tov_perv,usg_perc,ws,ws_per_48,vorp,bpm,offensive_raptor,defensive_raptor
1,1,Larry Bird,1984,28,SF,3,BOS,763,780,0.978,564521,80,63,1,1.5,39.5,11.5,22,0.522,0.7,1.6,0.427,10.8,20.4,0.529,0.538,5,5.7,0.882,2.1,8.5,10.5,6.6,1.6,1.2,3.1,2.6,28.7,26.5,0.585,0.074,0.26,6,22.6,14.7,25.7,1.9,1.7,11.2,28.5,15.7,0.238,8.4,8.5,5.419678362,1.909034764
2,0,Magic Johnson,1984,25,PG,1,LAL,264,780,0.338,957447,77,62,2,1.5,36.1,6.5,11.7,0.561,0.1,0.5,0.189,6.5,11.2,0.577,0.565,5.1,6,0.843,1.2,5,6.2,12.6,1.5,0.3,4,2,18.3,23.2,0.637,0.041,0.516,4.1,14.4,9.7,42.5,1.9,0.5,21.7,20.5,12.7,0.22,5.2,5.4,6.885958895,0.04780356
3,0,Moses Malone,1984,29,C,5,PHI,218,780,0.279,662445,79,58,4,3,37.4,7.6,16.3,0.469,0,0,0,7.6,16.2,0.47,0.469,9.3,11.4,0.815,4.9,8.2,13.1,1.6,0.8,1.6,3.6,2.7,24.6,22.5,0.577,0.002,0.704,14.8,24.4,19.7,6.6,1.1,2.4,14.5,26.8,11.9,0.193,2.6,1.5,1.585412275,1.104896756
4,0,Kareem Abdul-Jabbar,1984,37,C,5,LAL,206,780,0.264,554402,79,62,2,1.5,33.3,9.2,15.3,0.599,0,0,0,9.2,15.3,0.6,0.599,3.7,5,0.732,2.1,5.8,7.9,3.2,0.8,2.1,2.5,3,22,22.9,0.628,0.001,0.327,7.7,18.2,13.5,13.1,1.1,3.3,12.5,24.3,11.2,0.204,4.6,4.9,2.516025092,1.845928828
5,0,Terry Cummings,1984,23,PF,4,MIL,138,780,0.177,0,79,59,3,6.5,34.5,9.6,19.4,0.495,0,0,0,9.6,19.4,0.496,0.495,4.3,5.9,0.741,3.1,6,9.1,2.9,1.5,0.8,2.4,3.3,23.6,22.1,0.536,0.001,0.302,10,19.1,14.6,13.5,2.1,1.5,9.9,28.8,10.7,0.189,4,3.8,2.236313506,1.818561188
6,0,Michael Jordan,1984,21,SG,2,CHI,134,780,0.172,606193,82,38,14,20.5,38.3,10.2,19.8,0.515,0.1,0.6,0.173,10.1,19.2,0.526,0.518,7.7,9.1,0.845,2,4.5,6.5,5.9,2.4,0.8,3.5,3.5,28.2,25.8,0.592,0.032,0.459,6.3,13.2,9.8,25.3,3,1.3,13,29.8,14,0.213,8.1,8.2,5.94841027,1.565631183
7,0,Bernard King,1984,28,SF,3,NYK,70,780,0.09,381660,55,24,21,4,37.5,12.6,23.7,0.53,0,0.2,0.1,12.5,23.5,0.534,0.531,7.7,10,0.772,2.1,3.7,5.8,3.7,1.3,0.3,3.7,3.5,32.9,25.2,0.585,0.008,0.424,6.2,11.8,8.9,18.6,1.7,0.4,11.7,35.1,7.1,0.166,3.3,4.3,3.778191547,-0.885242053
8,0,Sidney Moncrief,1984,27,PG,1,MIL,65,780,0.083,403033,73,59,3,6.5,37.5,7.7,15.9,0.483,0.1,0.5,0.273,7.6,15.5,0.489,0.487,6.2,7.5,0.828,2,3.3,5.4,5.2,1.6,0.5,2.5,2.7,21.7,20.1,0.565,0.028,0.472,6.1,9.8,7.9,20.1,2.1,0.8,11.6,23.6,11.2,0.197,4.6,4.7,3.706649589,0.81553936
9,0,Isiah Thomas,1984,23,PG,1,DET,63,780,0.081,660017,81,46,7,5,38.1,8,17.4,0.458,0.4,1.4,0.257,7.6,16,0.476,0.468,4.9,6.1,0.809,1.4,3,4.5,13.9,2.3,0.3,3.7,3.6,21.2,22.2,0.529,0.08,0.35,3.7,8.7,6.1,47.9,2.8,0.4,15.7,24,11.2,0.173,5.6,5.2,6.312433625,0.854290202
10,0,Ralph Sampson,1984,24,PF,4,HOU,26,780,0.033,620824,82,48,6,10.5,37.6,9.2,18.3,0.502,0,0.1,0,9.2,18.2,0.504,0.502,3.7,5.5,0.676,2.8,7.6,10.4,2.7,1,2,4,3.7,22.1,17.4,0.533,0.004,0.299,8.2,22.6,15.4,10.4,1.2,3.1,16.1,25.9,6.2,0.096,2.1,0.8,-1.480697746,0.781033059
1,1,Larry Bird,1985,29,SF,3,BOS,765,780,0.981,702440,82,67,1,2,38,9.7,19.6,0.496,1,2.4,0.423,8.7,17.2,0.506,0.521,5.4,6,0.896,2.3,7.5,9.8,6.8,2,0.6,3.2,2.2,25.8,25.6,0.58,0.121,0.306,7.2,20.4,14.2,26.3,2.5,0.9,12.7,27.6,15.8,0.244,8.7,9.1,6.372240664,2.63428856
2,0,Dominique Wilkins,1985,26,SF,3,ATL,407,780,0.522,383855,78,50,6,21.5,39.1,11.4,24.3,0.468,0.2,0.9,0.186,11.2,23.4,0.479,0.472,7.4,9,0.818,3.3,4.6,7.9,2.6,1.8,0.6,3.2,2.2,30.3,23.3,0.536,0.037,0.372,9.5,12.9,11.2,11.7,2.2,0.9,10.2,32.9,10.8,0.17,4.3,3.6,2.575182016,0.865867718
3,0,Magic Johnson,1985,26,PG,1,LAL,205,780,0.263,1060892,72,62,2,1,35.8,6.7,12.8,0.526,0.1,0.6,0.233,6.6,12.2,0.541,0.532,5.3,6,0.871,1.2,4.7,5.9,12.6,1.6,0.2,3.8,1.8,18.8,24,0.61,0.047,0.473,3.9,14.3,9.4,45.1,2,0.3,19.8,21.6,12.1,0.226,5.2,5.9,7.282572679,0.523599363
4,0,Hakeem Olajuwon,1985,23,C,5,HOU,193,780,0.247,434294,68,51,5,5,36.3,9.2,17.5,0.526,0,0,0,9.2,17.5,0.526,0.526,5.1,7.9,0.645,4.9,6.6,11.5,2,2,3.4,2.9,4,23.5,24.2,0.56,0,0.453,14.4,19.8,17.1,8,2.5,5.2,12,25.6,9.5,0.186,4.6,5.3,1.840843352,4.241238677
5,0,Kareem Abdul-Jabbar,1985,38,C,5,LAL,135,780,0.173,666826,79,62,2,1,33.3,9.6,16.9,0.564,0,0,0,9.6,16.9,0.565,0.564,4.3,5.6,0.765,1.7,4.4,6.1,3.5,0.8,1.6,2.6,3.1,23.4,22.7,0.603,0.001,0.328,6,14.2,10.3,15.7,1.2,2.7,11.7,26.6,10.8,0.197,4.3,4.5,2.185578564,1.535458015
6,0,Charles Barkley,1985,22,PF,4,PHI,133,780,0.171,243841,80,54,4,3,36.9,7.4,13,0.572,0.2,0.9,0.227,7.2,12.1,0.598,0.58,5,7.2,0.685,4.4,8.4,12.8,3.9,2.2,1.6,4.4,4.2,20,22.4,0.619,0.072,0.555,13.4,25.4,19.4,16,2.8,2.4,21.3,22.4,10.8,0.176,7.3,7.9,3.473237833,2.04944115
7,0,Sidney Moncrief,1985,28,PG,1,MIL,56,780,0.072,503105,73,57,3,4,35.2,6.4,13.2,0.489,0.5,1.4,0.32,6,11.8,0.509,0.506,6.8,7.9,0.859,1.6,3,4.6,4.9,1.4,0.2,2.4,2.4,20.2,20,0.604,0.107,0.603,5,9.4,7.3,19.2,1.9,0.4,12.5,21.8,11.7,0.219,4.6,5.1,4.040430447,0.052717299
8,0,Alex English,1985,32,SF,3,DEN,55,780,0.071,410112,81,47,7,10,37.3,11.7,23.3,0.504,0,0.1,0.2,11.7,23.2,0.505,0.504,6.3,7.3,0.862,2.4,2.6,5,4,0.9,0.4,3.1,2.9,29.8,21.7,0.562,0.003,0.314,6.3,7.7,7,17,1.1,0.5,10.4,30.5,9.8,0.156,3.2,2.1,2.661682416,-1.451655907
9,0,Isiah Thomas,1985,24,PG,1,DET,28,780,0.036,666013,77,46,8,6,36.2,7.9,16.2,0.488,0.3,1.1,0.31,7.6,15.1,0.501,0.498,4.7,6,0.79,1.1,2.5,3.6,10.8,2.2,0.3,3.8,3.2,20.9,21.2,0.554,0.067,0.37,3.1,7.6,5.3,40.7,2.8,0.4,16.6,24.4,8.8,0.151,0.8,-0.8,4.719698548,0.474182221
10,0,Moses Malone,1985,30,C,5,PHI,21,780,0.027,615089,74,54,4,3,36.6,7.7,16.8,0.458,0,0,0,7.7,16.8,0.459,0.458,8.3,10.6,0.787,4.6,7.2,11.8,1.2,0.9,1,3.5,2.6,23.8,20.6,0.553,0.001,0.629,14,22,18,5.1,1.2,1.5,14.1,27.6,8.9,0.157,4.3,4,0.343758866,0.091357707
1,1,Magic Johnson,1986,27,PG,1,LAL,733,780,0.94,949304,80,65,1,3,36.3,8.5,16.4,0.522,0.1,0.5,0.205,8.4,15.9,0.532,0.525,6.7,7.9,0.848,1.5,4.8,6.3,12.2,1.7,0.5,3.8,2.1,23.9,27,0.602,0.03,0.482,5,13.7,9.7,47.2,2.2,0.7,15.9,26.3,15.9,0.263,7.4,8.1,8.204307235,0.779545843
2,0,Michael Jordan,1986,23,SG,2,CHI,449,780,0.576,1141733,82,40,14,21,40,13.4,27.8,0.482,0.1,0.8,0.182,13.2,27,0.491,0.484,10.2,11.9,0.857,2,3.2,5.2,4.6,2.9,1.5,3.3,2.9,37.1,29.8,0.562,0.029,0.427,5.6,9.3,7.4,22.2,3.6,2.3,9.1,38.3,16.9,0.247,8.8,8.1,5.542254459,2.847638272
3,0,Larry Bird,1986,30,SF,3,BOS,271,780,0.347,902701,74,59,2,1,40.6,10.6,20.2,0.525,1.2,3,0.4,9.4,17.2,0.547,0.555,5.6,6.1,0.91,1.7,7.5,9.2,7.6,1.8,0.9,3.2,2.5,28.1,26.4,0.612,0.15,0.304,5.1,19.2,12.8,28.6,2.2,1.3,12.4,27.5,15.2,0.243,8.5,9.2,6.48102922,1.680482881
4,0,Kevin McHale,1986,29,PF,4,BOS,254,780,0.326,455859,77,59,2,1,39.7,10.3,17,0.604,0,0.1,0,10.3,16.9,0.606,0.604,5.6,6.6,0.836,3.2,6.7,9.9,2.6,0.5,2.2,2.6,3.1,26.1,24,0.655,0.003,0.392,9.9,17.5,14,9.8,0.6,3.1,11.4,24.1,14.8,0.232,5.6,5.2,3.883279488,0.221290774
5,0,Dominique Wilkins,1986,27,SF,3,ATL,128,780,0.164,1029131,79,57,3,9,37.6,10.5,22.6,0.463,0.4,1.3,0.292,10.1,21.3,0.474,0.472,7.7,9.4,0.818,2.7,3.6,6.3,3.3,1.5,0.6,2.7,1.9,29,23.5,0.543,0.059,0.415,7.7,10.3,9,14.9,1.9,1,9.2,32.3,12.2,0.197,5.2,4.9,3.76671131,0.863099944
6,0,Charles Barkley,1986,23,PF,4,PHI,113,780,0.145,479176,68,45,8,8,40.3,8.2,13.8,0.594,0.3,1.5,0.202,7.9,12.3,0.643,0.606,6.3,8.3,0.761,5.7,8.9,14.6,4.9,1.8,1.5,4.7,3.7,23,25.1,0.66,0.111,0.602,16.7,24.8,20.8,19,2.1,2.2,21.4,23.1,12,0.21,7.7,9.2,5.308401906,0.838687178
7,0,Hakeem Olajuwon,1986,24,C,5,HOU,28,780,0.036,792148,75,42,11,2,36.8,9,17.8,0.508,0,0.1,0.2,9,17.7,0.509,0.509,5.3,7.6,0.702,4.2,7.2,11.4,2.9,1.9,3.4,3,3.9,23.4,23.8,0.554,0.004,0.428,12.7,21.3,17.1,12.6,2.4,5.3,12.6,26.8,10.9,0.189,6,6.6,0.998159309,5.173482317
8,0,Isiah Thomas,1986,25,PG,1,DET,17,780,0.022,713173,81,52,5,10.5,37.2,7.7,16.7,0.463,0.2,1.2,0.194,7.5,15.5,0.484,0.47,4.9,6.4,0.768,1,2.9,3.9,10,1.9,0.2,4.2,3.1,20.6,18.8,0.528,0.072,0.385,3,8.2,5.7,39.3,2.4,0.4,17.8,25.9,7.6,0.121,3.8,3,3.424348921,0.792795782
9,0,Fat Lever,1986,26,PG,1,DEN,11,780,0.014,283252,82,37,16,5,37.2,7.8,16.7,0.469,0.3,1.1,0.239,7.6,15.6,0.486,0.477,3,3.8,0.782,2.6,6.3,8.9,8,2.5,0.4,2,2.7,18.9,20.8,0.515,0.067,0.228,7,18.8,12.5,29.1,3,0.6,10,21.1,9.7,0.153,5.9,5.6,3.621442449,1.868912495
10,0,Moses Malone,1986,31,C,5,WSB,9,780,0.012,565491,73,42,12,7,34.1,8.2,18,0.454,0,0.2,0,8.2,17.8,0.458,0.454,7.8,9.5,0.824,4.7,6.6,11.3,1.6,0.8,1.3,2.8,1.9,24.1,23.8,0.545,0.008,0.528,14.2,21,17.6,7.9,1.1,2.1,11.1,29.3,9.4,0.182,2.5,1.9,1.443880075,0.531145651
1,1,Michael Jordan,1987,24,SG,2,CHI,665,800,0.831,1121285,82,50,8,15,40.4,13,24.4,0.535,0.1,0.6,0.132,13,23.7,0.546,0.537,8.8,10.5,0.841,1.7,3.8,5.5,5.9,3.2,1.6,3.1,3.3,35,31.7,0.603,0.027,0.43,4.8,10.7,7.8,27,3.9,2.4,9.6,34.1,21.2,0.308,11.8,12.2,7.511207396,3.677305701
2,0,Larry Bird,1987,31,SF,3,BOS,527,800,0.659,747005,76,57,2,2,39,11.6,22,0.527,1.3,3.1,0.414,10.3,18.9,0.546,0.556,5.5,6,0.916,1.4,7.8,9.3,6.1,1.6,0.8,2.8,2.1,29.9,27.8,0.608,0.142,0.271,4.6,22.3,14,25.7,2.1,1.1,10.2,30.2,15,0.243,8.1,8.8,6.629314291,1.766089138
3,0,Magic Johnson,1987,28,PG,1,LAL,508,800,0.635,1022122,72,62,1,1,36.6,6.8,13.8,0.492,0.2,0.8,0.196,6.7,13.1,0.51,0.497,5.8,6.8,0.853,1.2,5,6.2,11.9,1.6,0.2,3.7,2,19.6,23.1,0.581,0.056,0.491,4,14.8,9.7,45.4,2.1,0.3,18.2,23.4,10.9,0.199,4.9,5.3,6.425169737,-0.185863313
4,0,Charles Barkley,1987,24,PF,4,PHI,109,800,0.136,687785,80,36,17,9,39.6,9.4,16,0.587,0.6,2,0.28,8.9,14.1,0.63,0.604,8.9,11.9,0.751,4.8,7.1,11.9,3.2,1.3,1.3,3.8,3.5,28.3,27.6,0.665,0.122,0.741,14,20.8,17.4,14.1,1.6,1.9,15.2,26.7,16.7,0.253,8.7,9,6.868836963,0.254137442
5,0,Clyde Drexler,1987,25,SG,2,POR,86,800,0.108,430880,81,53,6,8,37.8,10.5,20.7,0.506,0.1,0.6,0.212,10.3,20.1,0.515,0.509,5.9,7.2,0.811,3.2,3.4,6.6,5.8,2.5,0.6,2.9,3.1,27,24.1,0.564,0.031,0.35,9.2,9.6,9.4,23.5,3.1,1,10.9,28,13.2,0.207,7.3,7.4,5.315677166,1.705236721
6,0,Dominique Wilkins,1987,28,SF,3,ATL,55,800,0.069,694354,78,50,7,3,37.8,11.7,25.1,0.464,0.5,1.7,0.295,11.2,23.4,0.476,0.474,6.9,8.4,0.826,2.7,3.7,6.4,2.9,1.3,0.6,2.8,2.1,30.7,23.7,0.534,0.066,0.335,7.9,11,9.5,13.5,1.7,1,8.9,35.2,9.8,0.16,3.7,2.9,3.695766673,0.111857689
7,0,Hakeem Olajuwon,1987,25,C,5,HOU,40,800,0.05,831339,79,46,10,5.5,35.8,9,17.5,0.514,0,0.1,0,9,17.5,0.516,0.514,4.8,6.9,0.695,3.8,8.3,12.1,2.1,2.1,2.7,3.1,4.1,22.8,23.4,0.555,0.003,0.396,11.2,24.1,17.7,9.2,2.7,4.2,13,26.5,10.7,0.182,5,5,0.697119625,5.07956987
8,0,Karl Malone,1987,24,PF,4,UTA,36,800,0.045,499963,82,47,9,11,39,10.5,20.1,0.52,0,0.1,0,10.5,20.1,0.522,0.52,6.7,9.6,0.7,3.4,8.6,12,2.4,1.4,0.6,4,3.6,27.7,20.7,0.568,0.003,0.478,9.7,22.8,16.6,10.1,1.7,0.9,14,29.7,10.1,0.152,3.7,2.5,-0.007824293,0.859334208
9,0,Fat Lever,1987,27,SG,2,DEN,26,800,0.033,468339,82,54,3,12.5,37.3,7.8,16.6,0.473,0.1,0.7,0.211,7.7,15.9,0.484,0.477,3,3.9,0.785,2.5,5.6,8.1,7.8,2.7,0.3,2.2,2.6,18.9,20.5,0.516,0.042,0.232,6.7,16.5,11.4,28.1,3.3,0.4,10.8,21.4,10.4,0.163,6.2,6.1,3.841443746,2.358825104
10,0,John Stockton,1987,25,PG,1,UTA,15,800,0.019,241117,82,47,9,11,34.7,5.5,9.6,0.574,0.3,0.8,0.358,5.2,8.8,0.594,0.589,3.3,4,0.84,0.7,2.2,2.9,13.8,3,0.2,3.2,3,14.7,23.2,0.645,0.085,0.41,2.1,6.6,4.5,54.8,4,0.3,21.9,17.2,14.1,0.238,4.3,3.9,7.590385272,2.768548614
1,1,Magic Johnson,1988,29,PG,1,LAL,664.5,850,0.782,856751,77,57,3,1,37.5,7.5,14.8,0.509,0.8,2.4,0.314,6.8,12.3,0.548,0.535,6.7,7.3,0.911,1.4,6.4,7.9,12.8,1.8,0.3,4.1,2.2,22.5,26.9,0.625,0.165,0.495,4.6,18,11.7,48.6,2.3,0.4,18.4,24.3,16.1,0.267,8.2,9.3,8.622007785,0.547822748
2,0,Michael Jordan,1988,25,SG,2,CHI,598.8,850,0.704,1003062,81,47,9,9.5,40.2,11.9,22.2,0.538,0.3,1.2,0.276,11.6,21,0.553,0.546,8.3,9.8,0.85,1.8,6.2,8,8,2.9,0.8,3.6,3,32.5,31.1,0.614,0.055,0.442,5.5,17.3,11.6,34.7,3.6,1.2,11.9,32.1,19.8,0.292,12,12.6,8.297339778,2.711836232
3,0,Karl Malone,1988,25,PF,4,UTA,362,850,0.426,760168,80,51,7,6.5,39.1,10.1,19.5,0.519,0.1,0.2,0.313,10.1,19.3,0.521,0.521,8.8,11.5,0.766,3.2,7.4,10.7,2.7,1.8,0.9,3.6,3.6,29.1,24.4,0.592,0.01,0.589,10,19.6,15.1,12.8,2.3,1.3,12.7,30.4,15.2,0.233,6.5,6.1,2.725722959,1.706616477
4,0,Patrick Ewing,1988,26,C,5,NYK,200,850,0.235,382833,80,52,6,12,36.2,9.1,16,0.567,0,0.1,0,9.1,16,0.57,0.567,4.5,6.1,0.746,2.7,6.6,9.3,2.4,1.5,3.5,3.3,3.9,22.7,22.1,0.607,0.005,0.378,8,20.7,14.2,9.5,1.9,5.6,15.1,23.6,10.9,0.181,4.9,4.7,0.590989538,2.768355815
5,0,Hakeem Olajuwon,1988,26,C,5,HOU,179.3,850,0.211,670472,82,45,12,13,36.9,9.6,19,0.508,0,0.1,0,9.6,18.9,0.511,0.508,5.5,8,0.696,4.1,9.4,13.5,1.8,2.6,3.4,3.4,4,24.8,25.2,0.552,0.006,0.419,12.2,27.2,19.8,8.2,3.3,5.5,13,28.2,12.4,0.197,5.6,5.4,0.196380374,6.440925876
6,0,Charles Barkley,1988,25,PF,4,PHI,94.3,850,0.111,486526,79,46,11,19,39.1,8.9,15.3,0.579,0.4,2.1,0.216,8.4,13.2,0.636,0.594,7.6,10.1,0.753,5.1,7.4,12.5,4.1,1.6,0.8,3.2,3.3,25.8,27,0.653,0.134,0.661,14.5,21.3,17.9,16,2,1.3,14,24.4,16.1,0.25,9.2,9.8,7.447617675,0.465486932
7,0,John Stockton,1988,26,PG,1,UTA,28,850,0.033,353126,82,51,7,6.5,38.7,6.1,11.3,0.538,0.2,0.8,0.242,5.9,10.5,0.561,0.547,4.8,5.5,0.863,1,2,3,13.6,3.2,0.2,3.8,2.9,17.1,22.9,0.624,0.072,0.49,3.1,5.4,4.3,54.3,4.1,0.3,21.5,19.1,15.6,0.236,5.5,4.8,7.46779892,2.764024445
8,0,Kevin Johnson,1988,22,PG,1,PHO,22,850,0.026,0,81,55,4,19,39.2,7,13.9,0.505,0,0.3,0.091,7,13.7,0.514,0.506,6.3,7.1,0.882,0.6,3.6,4.2,12.2,1.7,0.3,4,2.8,20.4,20.5,0.597,0.02,0.511,1.6,9.4,5.7,40.4,2,0.4,18.9,21.2,12.2,0.184,4.5,3.5,5.411755873,-0.101621011
9,0,Tom Chambers,1988,29,PF,4,PHO,20,850,0.024,0,81,55,4,19,37.1,9.6,20.3,0.471,0.3,1.1,0.326,9.2,19.2,0.479,0.48,6.3,7.4,0.851,1.8,6.7,8.4,2.9,1.1,0.7,2.9,3.3,25.7,19.3,0.547,0.052,0.364,5.3,18.4,12.1,11.1,1.3,1,10.8,28.2,9.2,0.146,2.4,1.2,1.046380307,0.374552178
10,0,Mark Price,1988,24,PG,1,CLE,18,850,0.021,388715,75,57,2,4,36.4,7.1,13.4,0.526,1.2,2.8,0.441,5.8,10.6,0.548,0.572,3.5,3.9,0.901,0.6,2.4,3,8.4,1.5,0.1,2.8,1.3,18.9,20.6,0.623,0.21,0.29,2.1,7,4.7,33.8,2.1,0.1,15.7,21,11.3,0.199,3.8,3.5,4.811408527,-0.189413644
1,1,Magic Johnson,1989,30,PG,1,LAL,636,920,0.691,214348,79,63,1,2.5,37.2,6.9,14.4,0.48,1.3,3.5,0.384,5.6,10.9,0.51,0.526,7.2,8.1,0.89,1.6,5,6.6,11.5,1.7,0.4,3.7,2.1,22.3,26.6,0.622,0.243,0.56,5.2,14.8,10.2,45.5,2.2,0.7,16.9,24.8,16.5,0.27,8.5,9.5,9.010917567,0.289609491
2,0,Charles Barkley,1989,26,SF,3,PHI,614,920,0.667,182639,79,53,8,14,39.1,8.9,14.9,0.6,0.3,1.2,0.217,8.7,13.7,0.632,0.608,7.1,9.4,0.749,4.6,6.9,11.5,3.9,1.9,0.6,3.1,3.2,25.2,27.1,0.661,0.078,0.632,13.4,20,16.7,15.6,2.4,1,13.9,24,17.3,0.269,9.2,9.8,7.468735112,1.177973484
3,0,Michael Jordan,1989,26,SG,2,CHI,564,920,0.613,321114,82,55,5,6.5,39,12.6,24,0.526,1.1,3,0.376,11.5,21,0.548,0.55,7.2,8.5,0.848,1.7,5.1,6.9,6.3,2.8,0.7,3,2.9,33.6,31.2,0.606,0.125,0.356,5.3,15.6,10.4,28.6,3.5,1.1,9.8,33.7,19,0.285,10.1,10.6,8.620219516,2.217516586
4,0,Karl Malone,1989,26,PF,4,UTA,214,920,0.233,159562,82,55,6,6.5,38.1,11.1,19.8,0.562,0.2,0.5,0.372,11,19.3,0.567,0.567,8.5,11.1,0.762,2.8,8.3,11.1,2.8,1.5,0.6,3.7,3.2,31,27.2,0.626,0.026,0.561,9.3,24,17.1,13.2,1.9,1,13,32.6,15.9,0.245,6.7,6.6,4.189766777,1.226941489
5,0,Patrick Ewing,1989,27,C,5,NYK,162,920,0.176,245746,82,45,11,6.5,38.6,11.2,20.4,0.551,0,0,0.25,11.2,20.4,0.552,0.551,6.1,7.9,0.775,2.9,8,10.9,2.2,1,4,3.4,4,28.6,25.8,0.599,0.002,0.387,8.5,22.4,15.7,10,1.2,5.9,12.4,29.4,13.5,0.205,6.4,6.5,1.460138818,2.220695617
6,0,David Robinson,1989,24,C,5,SAS,102,920,0.111,119301,82,56,4,16.5,36.6,8.4,15.9,0.531,0,0,0,8.4,15.8,0.532,0.531,7.5,10.2,0.732,3.7,8.3,12,2,1.7,3.9,3.1,3.2,24.3,26.3,0.597,0.002,0.644,11.7,24.8,18.5,8.7,2.2,6.5,13.3,26.6,15.1,0.241,5.2,4.6,1.871663221,5.220760404
7,0,Hakeem Olajuwon,1989,27,C,5,HOU,64,920,0.07,202244,82,41,16,12.5,38.1,9.8,19.6,0.501,0,0.1,0.167,9.8,19.5,0.502,0.501,4.7,6.5,0.713,3.6,10.4,14,2.9,2.1,4.6,3.9,3.8,24.3,24.1,0.541,0.004,0.333,10.3,28.3,19.5,12.1,2.6,7,14.6,28.1,11.2,0.173,6.3,5.9,-1.441269906,6.736071964
8,0,Tom Chambers,1989,30,PF,4,PHO,12,920,0.013,64028,81,54,7,2.5,37.6,10,20,0.501,0.3,1.1,0.279,9.7,18.9,0.513,0.508,6.9,8,0.861,1.5,5.6,7,2.3,1.1,0.6,2.7,3.2,27.2,20.9,0.579,0.053,0.4,4.7,15.2,10.3,10,1.4,0.9,10.3,28.8,11.2,0.176,2.9,1.8,1.968457352,0.029505966
9,0,John Stockton,1989,27,PG,1,UTA,9,920,0.01,149548,78,55,6,6.5,37.4,6.1,11.8,0.514,0.6,1.4,0.416,5.4,10.3,0.528,0.54,4.5,5.5,0.819,0.7,1.9,2.6,14.5,2.7,0.2,3.5,3,17.2,23.9,0.607,0.123,0.471,2.5,5.6,4.1,57.4,3.5,0.4,19.7,20.6,14.4,0.238,4.5,4.2,8.212237551,1.707144856
10,0,Larry Bird,1989,33,SF,3,BOS,5,920,0.005,248837,75,52,9,6.5,39.3,9.6,20.2,0.473,0.9,2.6,0.333,8.7,17.6,0.494,0.495,4.3,4.6,0.93,1.2,8.3,9.5,7.5,1.4,0.8,3.2,2.3,24.3,21.9,0.546,0.129,0.226,3.6,22.2,13.4,28.9,1.8,1.2,12.7,27.4,9.5,0.154,6.1,6.1,3.95832125,1.206234978
10,0,Buck Williams,1989,29,PF,4,POR,5,920,0.005,0,82,59,3,16.5,34.2,5,9.2,0.548,0,0,0,5,9.2,0.548,0.548,3.5,5,0.706,3,6.7,9.8,1.4,0.8,0.5,2,3.5,13.6,14.3,0.597,0.001,0.541,9.6,21.6,15.5,5.5,1.2,0.8,15.3,15.5,8.7,0.149,2.7,1.8,0.250965888,0.303851898
1,1,Michael Jordan,1990,27,SG,2,CHI,891,960,0.928,1217429,82,61,2,4,37,12.1,22.4,0.539,0.4,1.1,0.312,11.7,21.3,0.551,0.547,7,8.2,0.851,1.4,4.6,6,5.5,2.7,1,2.5,2.8,31.5,31.6,0.605,0.051,0.365,4.6,14.3,9.5,25.2,3.7,1.7,8.7,32.9,20.3,0.321,9.8,10.1,9.129035977,3.162250126
2,0,Magic Johnson,1990,31,PG,1,LAL,497,960,0.518,665354,79,58,3,2,37.1,5.9,12.4,0.477,1,3.2,0.32,4.9,9.2,0.532,0.518,6.6,7.3,0.906,1.3,5.6,7,12.5,1.3,0.2,4,1.9,19.4,25.1,0.623,0.256,0.587,4.3,16.9,10.9,49.3,1.8,0.3,20.4,22.9,15.4,0.251,7.6,8.3,8.310156947,0.045754525
3,0,David Robinson,1990,25,C,5,SAS,476,960,0.496,695519,82,55,6,3,37.7,9.2,16.7,0.552,0,0.1,0.143,9.2,16.6,0.554,0.552,7.2,9.5,0.762,4.1,8.9,13,2.5,1.5,3.9,3.3,3.2,25.6,27.4,0.615,0.005,0.569,12.6,24.7,19,10.9,2,6.2,13.7,26.6,17,0.264,8.1,8.4,2.768372119,5.457432712
4,0,Charles Barkley,1990,27,SF,3,PHI,222,960,0.231,808454,67,44,12,8.5,37.3,9.9,17.4,0.57,0.7,2.3,0.284,9.3,15.1,0.614,0.589,7.1,9.8,0.722,3.9,6.3,10.1,4.2,1.6,0.5,3.1,2.6,27.6,28.9,0.635,0.133,0.564,11.8,18.6,15.3,20.6,2.2,0.8,12.6,29.1,13.4,0.258,7.4,9.9,7.640794939,0.802577524
5,0,Karl Malone,1990,27,PF,4,UTA,142,960,0.148,609201,82,54,7,8.5,40.3,10.3,19.6,0.527,0,0.2,0.286,10.3,19.4,0.529,0.528,8.3,10.8,0.77,2.9,8.9,11.8,3.3,1.1,1,3,3.3,29,24.8,0.596,0.009,0.552,9,24.5,17.2,14.7,1.4,1.5,10.9,30.1,15.5,0.225,6.5,5.8,3.125338535,1.107530369
6,0,Clyde Drexler,1990,28,SG,2,POR,75,960,0.078,349995,82,63,1,5.5,34.8,7.9,16.3,0.482,0.7,2.3,0.319,7.1,14,0.509,0.505,5.1,6.4,0.794,2.6,4.1,6.7,6,1.8,0.7,2.8,2.8,21.5,22.1,0.563,0.143,0.392,8.3,12.8,10.6,25.7,2.4,1.3,12.9,25.7,12.4,0.209,6.7,7.3,5.497764643,1.580135044
7,0,Kevin Johnson,1990,24,PG,1,PHO,32,960,0.033,381463,77,55,5,5.5,36,7.7,14.9,0.516,0.1,0.6,0.205,7.6,14.3,0.529,0.52,6.7,8,0.843,0.7,2.8,3.5,10.1,2.1,0.1,3.5,2.3,22.2,23.7,0.604,0.038,0.538,2.2,8.1,5.3,40.7,2.8,0.2,16,24.8,12.7,0.22,5.1,5.2,6.027591441,0.624762551
8,0,Dominique Wilkins,1990,31,SF,3,ATL,29,960,0.03,257770,81,43,13,15.5,38,9.5,20.2,0.47,1,3.1,0.341,8.5,17.2,0.492,0.495,5.9,7.1,0.829,3.2,5.8,9,3.3,1.5,0.8,2.5,1.9,25.9,23.5,0.555,0.152,0.35,9,17.3,13,14.4,1.9,1.3,9.6,28.1,11.4,0.177,5.2,4.7,4.314301247,0.515030524
9,0,Larry Bird,1990,34,SF,3,BOS,25,960,0.026,717049,60,56,4,10.5,38,7.7,17,0.454,1.3,3.3,0.389,6.4,13.7,0.47,0.492,2.7,3.1,0.891,0.9,7.6,8.5,7.2,1.8,1,3.1,2,19.4,19.7,0.53,0.195,0.18,2.8,20.4,12.3,25.9,2.3,1.5,14.6,23.7,6.6,0.14,3.8,4.7,2.687534723,1.570459757
9,0,Terry Porter,1990,27,PG,1,POR,25,960,0.026,196653,81,63,1,5.5,32.9,6,11.7,0.515,1.6,3.9,0.415,4.4,7.8,0.564,0.584,3.4,4.2,0.823,0.6,2.8,3.5,8,2,0.1,2.3,1.9,17,21.7,0.632,0.332,0.359,2.2,9.4,5.9,34,2.8,0.3,14.7,19.6,13,0.235,5.5,6.1,6.224319229,1.429372418
1,1,Michael Jordan,1991,28,SG,2,CHI,900,960,0.938,1049573,80,67,1,1,38.8,11.8,22.7,0.519,0.3,1.3,0.27,11.5,21.5,0.533,0.526,6.1,7.4,0.832,1.1,5.3,6.4,6.1,2.3,0.9,2.5,2.5,30.1,27.7,0.579,0.055,0.325,3.5,15.3,9.5,25.7,3,1.5,8.8,31.7,17.7,0.274,8.3,8.6,6.959556605,2.689841705
2,0,Clyde Drexler,1991,29,SG,2,POR,561,960,0.584,759550,76,57,3,2,36.2,9.1,19.4,0.47,1.5,4.4,0.337,7.6,15,0.51,0.509,5.3,6.6,0.794,2.2,4.4,6.6,6.7,1.8,0.9,3.2,3,25,23.6,0.56,0.229,0.342,6.6,13.2,9.9,29.9,2.4,1.6,12.4,28.7,12.8,0.223,7.2,8.4,6.411402031,1.417939321
3,0,David Robinson,1991,26,C,5,SAS,337,960,0.351,512348,68,47,10,4,37.7,8.7,15.8,0.551,0,0.1,0.125,8.7,15.7,0.554,0.552,5.8,8.3,0.701,3.8,8.4,12.2,2.7,2.3,4.5,2.7,3.2,23.2,27.5,0.597,0.007,0.522,11.2,24,17.7,11.3,3.1,7.4,12.1,24.7,13.9,0.26,7.8,10,2.535955455,7.179031732
4,0,Karl Malone,1991,28,PF,4,UTA,262,960,0.273,764633,81,55,5,8,37.7,9.9,18.7,0.526,0,0.2,0.176,9.8,18.5,0.53,0.527,8.3,10.7,0.778,2.8,8.4,11.2,3,1.3,0.6,3.1,2.8,28,25.4,0.599,0.011,0.571,8.7,24.1,16.8,13.4,1.8,1,11.6,30.3,15.1,0.237,5.6,5.3,4.114869622,0.968300732
5,0,Patrick Ewing,1991,29,C,5,NYK,100,960,0.104,514874,82,51,8,10,38.4,9.7,18.6,0.522,0,0.1,0.167,9.7,18.5,0.523,0.522,4.6,6.2,0.738,2.8,8.5,11.2,1.9,1.1,3,2.5,3.4,24,22.8,0.563,0.004,0.335,8.4,24.9,16.8,8.5,1.4,5,10.7,27.2,13,0.198,4.8,4,-0.169864281,4.770245175
6,0,Chris Mullin,1991,28,SF,3,GSW,81,960,0.084,751397,81,55,4,15.5,41.3,10.2,19.6,0.524,0.8,2.2,0.366,9.5,17.4,0.544,0.544,4.3,5.2,0.833,1.6,4,5.6,3.5,2.1,0.8,2.5,2.1,25.6,19.9,0.586,0.11,0.265,4.2,10.4,7.4,12.2,2.4,1.1,10.2,23.6,10.8,0.155,4.6,3.5,3.269497523,0.583223675
7,0,Mark Price,1991,27,PG,1,CLE,66,960,0.069,0,72,57,2,15.5,29.7,6.1,12.5,0.488,1.4,3.6,0.387,4.7,8.8,0.53,0.545,3.8,4,0.947,0.5,1.9,2.4,7.4,1.3,0.2,2.2,1.6,17.3,22.7,0.61,0.291,0.318,2.1,6.8,4.5,37.9,2.2,0.3,13.5,24.1,9.1,0.205,3.1,3.8,6.477149607,-0.509774356
8,0,Tim Hardaway,1991,25,PG,1,GSW,64,960,0.067,446765,81,55,4,15.5,41.1,9.1,19.7,0.461,1.6,4.6,0.338,7.5,15,0.499,0.501,3.7,4.8,0.766,1,2.8,3.8,10,2,0.2,3.3,2.6,23.4,19.1,0.537,0.236,0.244,2.7,7.4,5.1,33.3,2.3,0.2,13.2,24.4,9.2,0.132,3.9,2.6,4.774184725,-0.512609752
9,0,Scottie Pippen,1991,26,SF,3,CHI,32,960,0.033,542191,82,67,1,1,38.6,8.4,16.6,0.506,0.2,1,0.2,8.2,15.6,0.525,0.511,4,5.3,0.76,2.3,5.4,7.7,7,1.9,1.1,3.1,3,21,21.5,0.555,0.059,0.319,6.9,15.8,11.5,25.8,2.5,1.8,14,24.6,12.7,0.192,6.8,6.5,4.46044711,2.502197192
10,0,Dennis Rodman,1991,30,PF,4,DET,26,960,0.027,197945,82,48,9,5.5,40.3,4.2,7.7,0.539,0.4,1.2,0.317,3.8,6.5,0.581,0.564,1,1.7,0.6,6.4,12.3,18.7,2.3,0.8,0.9,1.7,3,9.8,17,0.574,0.159,0.22,18.1,34.1,26.2,8.2,1.1,1.3,16.7,11.1,12.6,0.183,5.8,4.9,2.354127195,2.256014165
1,1,Charles Barkley,1992,29,PF,4,PHO,835,980,0.852,858947,76,62,1,7,37.6,9.4,18.1,0.52,0.9,2.9,0.305,8.5,15.2,0.561,0.545,5.9,7.7,0.765,3.1,9.1,12.2,5.1,1.6,1,3.1,2.6,25.6,25.9,0.596,0.16,0.423,9.5,26.3,18.1,21.2,2,1.6,12.5,26.9,14.4,0.242,7.5,8.3,5.496601517,1.661350804
2,0,Hakeem Olajuwon,1992,30,C,5,HOU,647,980,0.66,422755,82,55,4,11.5,39.5,10.3,19.5,0.529,0,0.1,0,10.3,19.5,0.532,0.529,5.4,7,0.779,3.5,9.6,13,3.5,1.8,4.2,3.2,3.7,26.1,27.3,0.577,0.005,0.356,10.5,25.9,18.7,15.8,2.4,6.5,12.4,28.8,15.8,0.234,8.5,8.4,1.965706608,5.817733939
3,0,Michael Jordan,1992,29,SG,2,CHI,565,980,0.577,1035824,78,57,3,1,39.3,12.7,25.7,0.495,1,2.9,0.352,11.7,22.7,0.514,0.515,6.1,7.3,0.837,1.7,5,6.7,5.5,2.8,0.8,2.7,2.4,32.6,29.7,0.564,0.115,0.284,4.9,15.1,9.8,25.2,3.7,1.3,8.4,34.7,17.2,0.27,8.9,9.5,7.627618872,2.779669219
4,0,Patrick Ewing,1992,30,C,5,NYK,359,980,0.366,576368,81,60,2,3.5,37.1,9.6,19.1,0.503,0,0.1,0.143,9.6,19,0.504,0.503,4.9,6.9,0.719,2.4,9.7,12.1,1.9,0.9,2,3.3,3.5,24.2,20.8,0.546,0.005,0.359,7.3,28.4,18.2,9.2,1.3,3.6,12.9,29.7,10.6,0.17,3.2,2.2,-1.782949949,4.901228891
5,0,Dominique Wilkins,1992,33,SF,3,ATL,54,980,0.055,380958,71,43,12,20,37.3,10.4,22.3,0.468,1.7,4.5,0.38,8.7,17.9,0.49,0.506,7.3,8.8,0.828,2.6,4.2,6.8,3.2,1,0.4,2.6,1.6,29.9,24.3,0.57,0.199,0.396,7.6,12.9,10.1,14.9,1.3,0.6,9,31.9,10.5,0.191,3.7,3.6,4.903314119,-1.299475091
6,0,David Robinson,1992,27,C,5,SAS,33,980,0.034,603696,82,49,8,7,39.2,8.2,16.4,0.501,0,0.2,0.176,8.2,16.2,0.506,0.503,6.8,9.3,0.732,2.8,8.9,11.7,3.7,1.5,3.2,2.9,2.9,23.4,24.2,0.569,0.013,0.568,8.6,24.8,17.1,15,2,5.1,12.5,26.4,13.2,0.197,7,6.7,1.178536096,4.250657639
7,0,Shaquille O'Neal,1992,20,C,5,ORL,30,980,0.031,826767,81,41,16,21,37.9,9,16.1,0.562,0,0,0,9,16.1,0.563,0.562,5.3,8.9,0.592,4.2,9.6,13.9,1.9,0.7,3.5,3.8,4,23.4,22.9,0.584,0.002,0.553,13.4,27.1,20.6,8.5,1,5.7,15.9,27,10.4,0.163,4.4,3.7,-0.073400296,3.020319941
8,0,Karl Malone,1992,29,PF,4,UTA,10,980,0.01,563627,82,47,10,7,37.8,9.7,17.6,0.552,0,0.2,0.2,9.7,17.4,0.557,0.554,7.5,10.2,0.74,2.8,8.4,11.2,3.8,1.5,1,2.9,3.2,27,26.2,0.612,0.014,0.579,8.6,24.6,16.9,16.9,2,1.8,11.7,28.4,15.4,0.238,7.6,7.6,3.869514036,1.318157754
8,0,Mark Price,1992,28,PG,1,CLE,10,980,0.01,327964,75,54,6,3.5,31.7,6.4,13.1,0.484,1.6,3.9,0.416,4.7,9.2,0.512,0.546,3.9,4.1,0.948,0.5,2.2,2.7,8,1.2,0.1,2.6,1.4,18.2,22.1,0.609,0.297,0.309,1.9,7.6,4.8,38.1,1.9,0.3,14.9,24.5,9.8,0.197,3.1,3.2,5.617882884,-0.667120369
1,1,Hakeem Olajuwon,1993,31,C,5,HOU,889,1010,0.88,478018,80,58,2,6.5,41,11.2,21.2,0.528,0.1,0.2,0.421,11.1,20.9,0.529,0.53,4.9,6.8,0.716,2.9,9.1,11.9,3.6,1.6,3.7,3.4,3.6,27.3,25.3,0.565,0.011,0.32,8.2,23.3,16.2,16.4,2,5.7,12.3,29.8,14.3,0.21,7.4,7,0.752527748,5.317177511
2,0,David Robinson,1993,28,C,5,SAS,730,1010,0.723,350873,80,55,7,6.5,40.5,10.5,20.7,0.507,0.1,0.4,0.345,10.4,20.4,0.51,0.51,8.7,11.6,0.749,3,7.7,10.7,4.8,1.7,3.3,3.2,2.9,29.8,30.7,0.577,0.017,0.558,8.8,20.3,14.8,21.6,2.3,5.4,10.9,32,20,0.296,10.6,10.9,4.618729394,4.496762422
3,0,Scottie Pippen,1993,28,SF,3,CHI,390,1010,0.386,496506,72,55,6,10,38.3,8.7,17.8,0.491,0.9,2.7,0.32,7.8,15,0.522,0.515,3.8,5.7,0.66,2.4,6.3,8.7,5.6,2.9,0.8,3.2,3.2,22,23.2,0.544,0.154,0.32,7.3,19.4,13.3,24.6,4,1.4,13.7,27.1,11.2,0.194,7.2,8.3,3.758676035,4.114419684
4,0,Shaquille O'Neal,1993,21,C,5,ORL,289,1010,0.286,603346,81,50,10,9,39.8,11.8,19.6,0.599,0,0,0,11.8,19.6,0.6,0.599,5.8,10.5,0.554,4.7,8.5,13.2,2.4,0.9,2.9,2.7,3.5,29.3,28.5,0.605,0.001,0.534,13.5,23.7,18.7,11,1.2,4.5,10.2,29,16.9,0.252,7.1,6.6,4.119844101,1.895644797
5,0,Patrick Ewing,1993,31,C,5,NYK,255,1010,0.252,427216,79,57,4,1,37.6,9.4,19,0.496,0.1,0.2,0.286,9.4,18.8,0.498,0.497,5.6,7.4,0.765,2.8,8.4,11.2,2.3,1.1,2.7,3.3,3.5,24.5,22.9,0.551,0.009,0.387,8.5,24.9,16.9,11.3,1.6,5.1,12.9,29.8,13.1,0.211,4.9,4.5,-0.976747045,5.346246076
6,0,Gary Payton,1993,25,PG,1,SEA,20,1010,0.02,316720,82,63,1,4,35.1,7.1,14.1,0.504,0.2,0.7,0.278,6.9,13.5,0.515,0.51,2,3.4,0.595,1.3,2,3.3,6,2.3,0.2,2.1,2.8,16.5,17.8,0.526,0.047,0.241,4.3,6.8,5.5,26.7,3.3,0.5,11.9,21.6,9.3,0.155,3.5,2.8,2.27636822,1.30556284
7,0,Shawn Kemp,1993,24,PF,4,SEA,17,1010,0.017,461880,79,63,1,4,32.9,6.7,12.5,0.538,0,0.1,0.25,6.7,12.5,0.54,0.539,4.6,6.2,0.741,3.9,6.8,10.8,2.6,1.8,2.1,3.3,3.9,18.1,22.9,0.593,0.004,0.496,14.2,24.7,19.4,12.4,2.8,4.6,17.7,24.2,11.7,0.216,5.6,6.5,2.016587976,2.725993048
7,0,Karl Malone,1993,30,PF,4,UTA,17,1010,0.017,322450,82,53,8,11.5,40.6,9.4,18.9,0.497,0.1,0.4,0.25,9.3,18.5,0.503,0.5,6.2,9,0.694,2.9,8.6,11.5,4,1.5,1.5,2.9,3.3,25.2,22.9,0.55,0.021,0.474,8.3,24.1,16.3,17.1,1.9,2.6,11.1,28,13.4,0.193,6.9,6.3,2.333918998,1.869113409
9,0,Mark Price,1993,29,PG,1,CLE,7,1010,0.007,423179,76,47,11,3,31.4,6.3,13.2,0.478,1.6,3.9,0.397,4.8,9.3,0.511,0.536,3.1,3.5,0.888,0.5,2.5,3,7.8,1.4,0.1,2.5,1.2,17.3,22.7,0.586,0.296,0.267,1.9,9.2,5.6,42,2.3,0.3,14.4,24.6,10,0.201,3.9,4.6,5.748715175,-0.387094419
10,0,Charles Barkley,1993,30,PF,4,PHO,5,1010,0.005,794936,65,56,5,2,35.4,8,16.1,0.495,0.7,2.7,0.27,7.2,13.4,0.541,0.518,4.9,7,0.704,3,8.1,11.2,4.6,1.6,0.6,3.2,2.5,21.6,22.8,0.563,0.17,0.432,9.8,25.6,17.8,20,2.2,1,14.2,26.5,8.8,0.185,4.5,5.7,3.966564396,1.045551203
1,1,David Robinson,1994,29,C,5,SAS,901,1050,0.858,1046364,81,62,1,6.5,38,9.7,18.4,0.53,0.1,0.2,0.3,9.7,18.1,0.533,0.532,8.1,10.5,0.774,2.9,7.9,10.8,2.9,1.7,3.2,2.9,2.8,27.6,29.1,0.602,0.013,0.57,9.1,22.6,16.2,13.7,2.2,5.9,11.1,29.9,17.5,0.273,8.1,8.4,2.785551963,5.156917424
2,0,Shaquille O'Neal,1994,22,C,5,ORL,605,1050,0.576,1263451,79,57,4,3.5,37,11.8,20.2,0.583,0,0.1,0,11.8,20.1,0.585,0.583,5.8,10.8,0.533,4.2,7.3,11.4,2.7,0.9,2.4,2.6,3.3,29.3,28.6,0.588,0.003,0.536,13.3,21.7,17.6,13.3,1.3,4.5,9.4,31.9,14,0.23,5.4,5.4,3.752577076,1.635788134
3,0,Karl Malone,1994,31,PF,4,UTA,532,1050,0.507,526741,82,60,2,11.5,38.1,10.1,18.9,0.536,0.1,0.5,0.268,10,18.4,0.543,0.54,6.3,8.5,0.742,1.9,8.7,10.6,3.5,1.6,1,2.9,3.3,26.7,25.1,0.59,0.026,0.449,6.6,27.2,17.4,16.4,2.1,2.2,11.3,30.3,13.8,0.212,6.1,5.8,3.479655764,1.905251703
4,0,Patrick Ewing,1994,32,C,5,NYK,230,1050,0.219,728331,79,55,6,3.5,37,9.2,18.4,0.503,0.1,0.3,0.286,9.2,18.1,0.506,0.505,5.3,7.1,0.75,2,9,11,2.7,0.9,2,3.2,3.4,23.9,21.9,0.555,0.014,0.386,6.6,27.5,17.4,14.4,1.2,4.1,13.1,30.7,9.6,0.157,3.1,2.2,-1.615970579,3.697071177
5,0,Hakeem Olajuwon,1994,32,C,5,HOU,147,1050,0.14,1125032,72,47,11,3.5,39.6,11.1,21.5,0.517,0,0.2,0.188,11,21.2,0.52,0.517,5.6,7.5,0.756,2.4,8.4,10.8,3.5,1.8,3.4,3.3,3.5,27.8,26,0.563,0.01,0.348,7.3,23.1,15.6,17.2,2.4,5.9,11.7,31.7,10.7,0.181,5.3,5.3,0.792227525,3.743897134
6,0,Charles Barkley,1994,31,PF,4,PHO,96,1050,0.091,1046105,68,59,3,1,35,8.1,16.8,0.486,1.1,3.2,0.338,7.1,13.6,0.521,0.518,5.6,7.5,0.748,3,8.1,11.1,4.1,1.6,0.7,2.2,3,23,25.2,0.572,0.192,0.444,9.8,26.8,18.2,18.9,2.3,1.4,9.9,27.5,10.6,0.214,5.1,6.4,5.005126658,1.596646952
7,0,Scottie Pippen,1994,29,SF,3,CHI,83,1050,0.079,1134525,79,47,10,8.5,38.2,8,16.7,0.48,1.4,4,0.345,6.6,12.7,0.523,0.522,4,5.6,0.716,2.2,5.9,8.1,5.2,2.9,1.1,3.4,3,21.4,22.6,0.559,0.239,0.333,6.9,18.2,12.5,22.8,4,2.2,15.2,26.3,11.8,0.188,7.4,7.8,3.570758304,3.996681545
8,0,John Stockton,1994,32,PG,1,UTA,47,1050,0.045,798219,82,60,2,11.5,35,5.2,9.6,0.542,1.2,2.8,0.449,4,6.9,0.58,0.607,3,3.7,0.804,0.7,2.4,3.1,12.3,2.4,0.3,3.3,2.6,14.7,23.3,0.651,0.287,0.387,2.6,8,5.5,52.6,3.5,0.6,22.4,18.9,13.9,0.233,5.4,5.5,8.003439307,1.4854378
9,0,Gary Payton,1994,26,PG,1,SEA,34,1050,0.032,567324,82,57,5,3.5,36.8,8.4,16.4,0.509,0.9,2.8,0.302,7.5,13.6,0.553,0.535,3,4.2,0.716,1.3,2.1,3.4,7.1,2.5,0.2,2.5,2.5,20.6,21.3,0.564,0.172,0.259,4.3,6.7,5.5,31.8,3.4,0.3,11.8,24.4,11.7,0.187,5,4.5,4.675660306,1.125937079
10,0,Anfernee Hardaway,1994,23,PG,1,ORL,23,1050,0.022,999327,77,57,4,3.5,37.7,7.6,14.8,0.512,1.1,3.2,0.349,6.5,11.6,0.558,0.55,4.6,6,0.769,1.8,2.6,4.4,7.2,1.7,0.3,3.4,2.1,20.9,20.8,0.599,0.218,0.405,5.7,7.5,6.6,28.5,2.3,0.6,16.1,23.7,10.7,0.177,4.5,4.2,4.878762828,-0.119362317
1,1,Michael Jordan,1995,32,SG,2,CHI,1114,1130,0.986,1341422,82,72,1,1,37.7,11.2,22.6,0.495,1.4,3.2,0.427,9.8,19.4,0.506,0.525,6.7,8,0.834,1.8,4.8,6.6,4.3,2.2,0.5,2.4,2.4,30.4,29.4,0.582,0.141,0.355,5.6,14.9,10.2,21.2,3.1,1,8.4,33.3,20.4,0.317,8.3,8.6,7.646927353,2.660799759
2,0,David Robinson,1995,30,C,5,SAS,574,1130,0.508,1037245,82,59,4,4.5,36.8,8.7,16.8,0.516,0,0.1,0.333,8.6,16.7,0.517,0.517,7.6,10,0.761,3.9,8.3,12.2,3,1.4,3.3,2.3,3.2,25,29.4,0.589,0.007,0.597,12.3,24.2,18.4,14.6,1.9,6.4,9.8,28.8,18.3,0.29,8.5,9.2,3.551690796,4.9639086
3,0,Anfernee Hardaway,1995,24,PG,1,ORL,360,1130,0.319,1050461,82,60,3,2,36.8,7.6,14.8,0.513,1.1,3.5,0.314,6.5,11.4,0.573,0.549,5.4,7.1,0.767,1.6,2.7,4.3,7.1,2,0.5,2.8,2,21.7,24.6,0.605,0.233,0.477,5.1,8.5,6.8,32.2,2.9,1,13.5,25.5,14.4,0.229,6.4,6.4,6.596037943,1.032114871
4,0,Hakeem Olajuwon,1995,33,C,5,HOU,238,1130,0.211,1240329,72,48,8,4.5,38.8,10.7,20.8,0.514,0,0.2,0.214,10.6,20.6,0.517,0.515,5.5,7.6,0.724,2.4,8.4,10.9,3.6,1.6,2.9,3.4,3.4,26.9,25.5,0.558,0.009,0.367,7.3,24,15.9,18.3,2.1,5.3,12.5,31.9,9.7,0.166,4.7,4.6,-0.075923209,3.098705189
5,0,Scottie Pippen,1995,30,SF,3,CHI,226,1130,0.2,1289649,77,72,1,1,36.7,7.3,15.8,0.463,1.9,5.2,0.374,5.4,10.6,0.507,0.525,2.9,4.2,0.679,2,4.5,6.4,5.9,1.7,0.7,2.7,2.6,19.4,21,0.551,0.33,0.266,6.3,14.2,10.2,25.2,2.5,1.5,13.2,24.4,12.3,0.209,6.3,6.8,5.126964867,2.676948406
6,0,Gary Payton,1995,27,PG,1,SEA,98,1130,0.087,0,81,64,2,6.5,39,7.6,15.8,0.484,1.2,3.7,0.328,6.4,12.1,0.532,0.523,2.8,3.8,0.748,1.3,2.9,4.2,7.5,2.9,0.2,3.2,2.7,19.3,19.6,0.554,0.234,0.24,4.1,8.4,6.3,33.3,3.7,0.5,15.6,23.6,11.5,0.174,5.3,4.7,3.539129942,2.444769875
7,0,Karl Malone,1995,32,PF,4,UTA,85,1130,0.075,986028,82,55,5,8,38,9.6,18.5,0.519,0.2,0.5,0.4,9.4,18,0.522,0.524,6.2,8.6,0.723,2.1,7.7,9.8,4.2,1.7,0.7,2.4,3,25.7,26,0.575,0.026,0.466,7.1,24.2,15.8,20.6,2.4,1.5,9.8,29.8,15.1,0.233,7.4,7.3,3.915247809,2.3172439
8,0,Shawn Kemp,1995,26,PF,4,SEA,73,1130,0.065,1021384,79,64,2,6.5,33.3,6.7,11.9,0.561,0.1,0.2,0.417,6.6,11.7,0.563,0.564,6.2,8.4,0.742,3.5,7.9,11.4,2.2,1.2,1.6,4,3.8,19.6,22.6,0.631,0.013,0.709,13,26.9,20.3,11.5,1.8,3.8,20.4,26.2,11.2,0.205,3.9,3.8,1.29714707,1.783748592
9,0,Grant Hill,1995,23,SF,3,DET,63,1130,0.056,1358004,80,46,12,20.5,40.8,7.1,15.3,0.462,0.1,0.3,0.192,7,14.9,0.468,0.464,6.1,8.1,0.751,1.6,8.2,9.8,6.9,1.3,0.6,3.3,3,20.2,20.9,0.537,0.021,0.529,4.9,23.4,14.5,31.4,1.7,1.2,14.9,25.9,11.7,0.172,5.8,5.1,2.32314695,1.605310906
9,0,Shaquille O'Neal,1995,23,C,5,ORL,63,1130,0.056,1290591,54,60,3,2,36,11,19.1,0.573,0,0,0.5,10.9,19.1,0.573,0.574,4.6,9.5,0.487,3.4,7.7,11,2.9,0.6,2.1,2.9,3.6,26.6,26.4,0.57,0.002,0.495,11.1,24.2,17.8,15.9,0.9,4.4,11,32.8,6.9,0.171,2.7,3.5,2.043922798,0.880433791
1,1,Karl Malone,1996,33,PF,4,UTA,986,1150,0.857,1337319,82,64,2,10,36.6,10.5,19.2,0.55,0,0.2,0,10.5,19,0.555,0.55,6.4,8.4,0.755,2.4,7.5,9.9,4.5,1.4,0.6,2.8,2.6,27.4,28.9,0.6,0.008,0.439,8.5,24.2,16.8,24.5,2,1.3,11.1,32.7,16.7,0.268,7.9,8.5,4.905205465,1.3168118
2,0,Michael Jordan,1996,33,SG,2,CHI,957,1150,0.832,2451136,82,69,1,1,37.9,11.2,23.1,0.486,1.4,3.6,0.374,9.9,19.5,0.507,0.516,5.9,7,0.833,1.4,4.5,5.9,4.3,1.7,0.5,2,1.9,29.6,27.8,0.567,0.157,0.304,4.2,13.2,8.8,21.2,2.4,1.1,7.2,33.2,18.3,0.283,6.8,6.7,6.881055355,1.765559151
3,0,Grant Hill,1996,24,SF,3,DET,376,1150,0.327,1868020,80,54,10,15.5,39.3,7.8,15.7,0.496,0.1,0.4,0.303,7.7,15.3,0.502,0.5,5.6,7.9,0.711,1.5,7.5,9,7.3,1.8,0.6,3.2,2.3,21.4,25.5,0.556,0.026,0.503,5,23.1,14.2,36,2.6,1.3,14.4,28.3,14.6,0.223,7.9,8,4.283518291,2.046329517
4,0,Tim Hardaway,1996,30,PG,1,MIA,238,1150,0.207,309220,81,61,3,8,38.7,7.1,17.1,0.415,2.5,7.3,0.344,4.6,9.8,0.469,0.489,3.6,4.5,0.799,0.6,2.8,3.4,8.6,1.9,0.1,2.8,2,20.3,20.8,0.532,0.426,0.263,1.9,8.5,5.2,41.9,2.6,0.2,13,26.6,12.9,0.198,5.6,5.1,4.834317867,1.364148807
5,0,Glen Rice,1996,29,SF,3,CHH,134,1150,0.117,199216,79,54,9,15.5,42.6,9.1,19.2,0.477,2.6,5.6,0.47,6.5,13.6,0.48,0.546,5.9,6.8,0.867,0.8,3.2,4,2,0.9,0.3,2.2,2.4,26.8,19.7,0.605,0.291,0.354,2.5,8.8,5.7,8.8,1.2,0.6,9.2,26.9,10.8,0.154,2.7,1.2,4.035984333,-1.202996977
6,0,Gary Payton,1996,28,PG,1,SEA,105,1150,0.091,1206539,82,57,6,3,39.2,8.6,18.1,0.476,1.5,4.6,0.313,7.2,13.4,0.533,0.517,3.1,4.3,0.715,1.3,3.3,4.6,7.1,2.4,0.2,2.6,2.5,21.8,21.8,0.545,0.256,0.24,4,10.2,7.1,33.8,3.3,0.3,11.6,26.4,12.9,0.193,6.2,5.6,4.859952142,1.34852158
7,0,Hakeem Olajuwon,1996,34,C,5,HOU,95,1150,0.083,1487310,78,57,4,4.5,36.6,9.3,18.3,0.51,0.1,0.2,0.313,9.3,18.1,0.512,0.512,4.5,5.7,0.787,2.2,7,9.2,3,1.5,2.2,3.6,3.2,23.2,22.7,0.558,0.011,0.313,7.4,21,14.5,16.2,2.1,4.5,14.8,30.4,9.1,0.154,3.7,3.2,-0.10278254,3.495502666
8,0,Patrick Ewing,1996,34,C,5,NYK,57,1150,0.05,1395759,78,57,5,4.5,37,8.4,17.2,0.488,0,0.1,0.222,8.4,17.1,0.49,0.489,5.6,7.5,0.754,2.2,8.4,10.7,2,0.9,2.4,3.4,3.2,22.4,21.3,0.548,0.007,0.434,7.5,26.4,17.3,10.8,1.3,5.3,14.4,29.8,9.8,0.163,2.7,1.7,-2.080172655,4.226689401
9,0,Anthony Mason,1996,30,PF,4,CHH,7,1150,0.006,0,73,54,9,15.5,43.1,5.9,11.3,0.525,0,0,0.333,5.9,11.3,0.526,0.525,4.4,5.9,0.745,2.5,8.8,11.4,5.7,1,0.5,2.3,2.8,16.2,18.9,0.585,0.004,0.519,7.4,24,16,21.4,1.3,0.8,14,17.6,11.4,0.173,5.2,4.5,2.465056596,0.009626604
9,0,Shaquille O'Neal,1996,24,C,5,LAL,7,1150,0.006,1305941,51,56,8,2,38.1,10.8,19.4,0.557,0,0.1,0,10.8,19.4,0.559,0.557,4.5,9.4,0.484,3.8,8.7,12.5,3.1,0.9,2.9,2.9,3.5,26.2,27.1,0.556,0.004,0.483,11.6,25.9,18.8,17.3,1.2,5.8,10.8,31.1,8,0.197,4,6.3,1.847456662,2.812783411
1,1,Michael Jordan,1997,34,SG,2,CHI,1084,1160,0.934,1028235,82,62,1,1,38.8,10.7,23.1,0.465,0.4,1.5,0.238,10.4,21.5,0.482,0.473,6.9,8.8,0.784,1.6,4.2,5.8,3.5,1.7,0.5,2.3,1.8,28.7,25.2,0.533,0.067,0.381,4.7,12.5,8.5,18,2.4,1,7.7,33.7,15.8,0.238,5.3,4.6,4.333272937,1.61966923
2,0,Karl Malone,1997,34,PF,4,UTA,842,1160,0.726,616251,81,62,2,2,37.4,9.6,18.2,0.53,0,0.1,0.333,9.6,18.1,0.531,0.531,7.8,10.2,0.761,2.3,8,10.3,3.9,1.2,0.9,3,2.9,27,27.9,0.597,0.004,0.56,8.3,24.8,17.1,20.9,1.7,1.7,11.9,31.8,16.4,0.259,6.9,7,4.881550268,1.043500217
3,0,Gary Payton,1997,29,PG,1,SEA,431,1160,0.372,555715,82,61,4,4.5,38.4,7.1,15.6,0.453,1.6,4.8,0.338,5.4,10.7,0.505,0.505,3.4,4.6,0.744,0.9,3.6,4.6,8.3,2.3,0.2,2.8,2.4,19.2,21.6,0.544,0.311,0.293,3,11.2,7.1,36.7,3.1,0.4,13.7,24.6,12.5,0.19,5.6,5,5.58534148,0.838832054
4,0,Shaquille O'Neal,1997,25,C,5,LAL,311,1160,0.268,565184,60,61,3,3,36.3,11.2,19.1,0.584,0,0,0,11.2,19.1,0.584,0.584,6,11.4,0.527,3.5,7.9,11.4,2.4,0.7,2.4,2.9,3.2,28.3,28.8,0.587,0,0.594,11.1,24,17.7,13.5,0.9,4.6,10.8,32.9,10.2,0.224,3.6,4.6,3.296441688,0.972407122
5,0,Tim Duncan,1997,21,PF,4,SAS,148,1160,0.128,423970,82,56,7,4.5,39.1,8.6,15.7,0.549,0,0.1,0,8.6,15.6,0.553,0.549,3.9,5.9,0.662,3.3,8.6,11.9,2.7,0.7,2.5,3.4,3.1,21.1,22.6,0.577,0.008,0.375,10.5,23.8,17.6,13.7,0.9,4.5,15.7,26,12.8,0.192,6,5.5,0.977227094,1.968159268
6,0,Tim Hardaway,1997,31,PG,1,MIA,71,1160,0.061,349621,81,55,8,7.5,37.4,6.9,16,0.431,1.9,5.5,0.351,5,10.5,0.472,0.49,3.2,4.1,0.781,0.6,3.1,3.7,8.3,1.7,0.2,2.8,2.5,18.9,20.6,0.53,0.341,0.254,1.9,9.4,5.8,41.3,2.4,0.4,13.5,25.6,11.7,0.185,5.1,4.6,5.085334537,0.486968739
7,0,David Robinson,1997,32,C,5,SAS,36,1160,0.031,548633,73,56,7,4.5,33.7,7.5,14.6,0.511,0,0.1,0.25,7.4,14.5,0.512,0.511,6.6,9,0.735,3.3,7.3,10.6,2.7,0.9,2.6,2.8,2.8,21.6,27.8,0.581,0.004,0.62,12,23.7,18.2,15.9,1.4,5.5,13,29.7,13.8,0.269,6.1,7.8,2.034303007,4.872373563
8,0,Vin Baker,1997,26,C,5,SEA,24,1160,0.021,360079,82,61,4,4.5,35.9,7.7,14.2,0.542,0,0.1,0.143,7.7,14.1,0.545,0.543,3.8,6.4,0.591,3.5,4.5,8,1.9,1.1,1,2.1,3.4,19.2,20.4,0.564,0.006,0.452,11.8,14.8,13.3,9.3,1.7,2.2,11.1,24.7,10.4,0.169,3,2,0.898923167,0.802936074
9,0,Grant Hill,1997,25,SF,3,DET,23,1160,0.02,838692,81,37,19,9.5,40.7,7.6,16.8,0.452,0,0.3,0.143,7.6,16.5,0.457,0.453,5.9,8,0.74,1.1,6.5,7.7,6.8,1.8,0.7,3.5,2.4,21.1,21.2,0.52,0.015,0.475,3.3,19.3,11.3,31.5,2.4,1.2,14.8,27.3,10.2,0.149,5.6,4.8,1.930164037,1.466597635
10,0,Scottie Pippen,1997,32,SF,3,CHI,14,1160,0.012,475894,44,62,1,1,37.5,7.2,16,0.447,1.4,4.4,0.318,5.8,11.6,0.496,0.491,3.4,4.4,0.777,1.2,4,5.2,5.8,1.8,1,2.5,2.6,19.1,20.4,0.533,0.273,0.274,3.7,12.1,7.9,26.5,2.6,1.9,12.1,24.4,6.6,0.193,3.2,5.8,3.949805724,2.769197337
1,1,Karl Malone,1998,35,PF,4,UTA,827,1180,0.701,0,80.36,60.68,2,2,37.4,8,16.3,0.493,0,0,0,8,16.2,0.494,0.493,7.7,9.8,0.788,2.2,7.3,9.4,4.1,1.3,0.6,3.3,2.7,23.8,25.6,0.577,0.001,0.602,7.7,22.1,15.4,23,1.9,1.2,13.8,30.5,16.1007,0.252,6.585142667,6.8,3.099205042,1.189596935
2,0,Alonzo Mourning,1998,28,C,5,MIA,773,1180,0.655,0,75.44,54.12,5,6,38.1,7,13.8,0.511,0,0,0,7,13.7,0.513,0.511,6,9.2,0.652,3.6,7.4,11,1.6,0.7,3.9,3,3.5,20.1,24.6,0.563,0.003,0.667,12.3,22,17.5,8.7,1.1,7.7,14.5,27.1,14.0589,0.216,4.568444,4.8,0.403894157,3.930777053
3,0,Tim Duncan,1998,22,PF,4,SAS,740,1180,0.627,0,82,60.68,1,3.5,39.3,8.4,16.9,0.495,0,0.1,0.143,8.3,16.8,0.498,0.495,4.9,7.2,0.69,3.2,8.2,11.4,2.4,0.9,2.5,2.9,2.9,21.7,23.2,0.541,0.008,0.424,9.7,22.2,16.3,12.1,1.2,4.4,12.7,27.2,14.3002875,0.213,5.649375,4.9,1.579271806,2.311067229
4,0,Allen Iverson,1998,23,SG,2,PHI,319,1180,0.27,0,78.72,45.92,12,21.5,41.5,9.1,22,0.412,1.2,4.1,0.291,7.9,17.9,0.44,0.439,7.4,9.9,0.751,1.4,3.5,4.9,4.6,2.3,0.1,3.5,2,26.8,22.2,0.508,0.188,0.449,3.8,10.1,6.9,24.2,3,0.3,11.7,32.6,12.26497917,0.173,5.25888,4.6,2.884889446,0.704849667
5,0,Jason Kidd,1998,25,PG,1,PHO,159,1180,0.135,0,82,44.28,14,10,41.2,6.2,14,0.444,0.9,2.5,0.366,5.3,11.5,0.461,0.476,3.6,4.8,0.757,1.7,5,6.8,10.8,2.3,0.4,3,2.2,16.9,22.5,0.527,0.176,0.342,4.8,14.5,9.6,44,3,0.7,15.7,21.4,13.23206667,0.188,6.695,5.8,5.286561126,0.951846309
6,0,Shaquille O'Neal,1998,26,C,5,LAL,89,1180,0.075,0,80.36,50.84,9,1,34.8,10.4,18.1,0.576,0,0,0,10.4,18,0.577,0.576,5.5,10.2,0.54,3.8,6.9,10.7,2.3,0.7,1.7,2.5,3.2,26.3,30.6,0.584,0.001,0.563,13.1,22.6,18,14.4,1.1,3.5,10,32.4,15.15975,0.255,5.779207,6.3,4.284741495,0.524601712
7,0,Chris Webber,1998,25,PF,4,SAC,51,1180,0.043,0,68.88,44.28,15,24,40.9,9,18.5,0.486,0.1,0.8,0.118,8.9,17.7,0.503,0.488,1.9,4.1,0.454,3.5,9.4,13,4.1,1.4,2.1,3.5,3.5,20,19.5,0.491,0.044,0.224,9.2,24.2,16.7,17.8,1.7,3.3,14.8,24.9,7.126825,0.102,3.00615,3,-0.920810142,1.471080812
8,0,Grant Hill,1998,26,SF,3,DET,39,1180,0.033,0,82,47.56,10,14,37,7.7,16,0.479,0,0.3,0,7.7,15.8,0.487,0.479,5.7,7.6,0.752,1.3,5.8,7.1,6,1.6,0.5,3.7,2.3,21.1,23.9,0.543,0.017,0.473,4.3,19.3,11.7,33.6,2.4,1.2,16,29.6,11.946375,0.189,6.166666667,6,3.298768608,1.03186744
9,0,Gary Payton,1998,30,PG,1,SEA,35,1180,0.03,0,82,41,18,8,40.2,8,18.5,0.434,1.7,5.6,0.295,6.4,12.8,0.495,0.479,4,5.5,0.721,1.2,3.6,4.9,8.7,2.2,0.2,3.1,2.3,21.7,23.1,0.519,0.304,0.299,3.5,10.6,7,41.3,2.9,0.4,12.9,27.1,11.8121,0.172,6.1975,5.4,5.525856003,0.357127795
10,0,Kevin Garnett,1998,22,PF,4,MIN,9,1180,0.008,0,77.08,41,17,15.5,37.9,8.8,19.1,0.46,0.1,0.3,0.286,8.7,18.9,0.463,0.462,3.1,4.4,0.704,3.5,6.9,10.4,4.3,1.7,1.8,2.9,3.2,20.8,22.4,0.493,0.016,0.229,9.7,22,15.4,21.3,2.3,3.5,12,27.8,9.452891667,0.146,5.372103917,5.7,1.128739278,2.017287671
1,1,Shaquille O'Neal,1999,27,C,5,LAL,1207,1210,0.998,1807609,79,67,1,2,40,12.1,21.1,0.574,0,0,0,12.1,21.1,0.575,0.574,5.5,10.4,0.524,4.3,9.4,13.6,3.8,0.5,3,2.8,3.2,29.7,30.6,0.578,0.001,0.495,11.5,24.8,18.3,19.3,0.6,5.3,9.9,31.2,18.6,0.283,9.3,9.7,4.392065114,3.15857055
2,0,Kevin Garnett,1999,23,PF,4,MIN,408,1210,0.337,1550976,81,50,8,16.5,40,9.4,18.8,0.497,0.4,1,0.37,9,17.8,0.504,0.507,3.8,5,0.765,2.8,9,11.8,5,1.5,1.6,3.3,2.5,22.9,23.6,0.545,0.053,0.265,7.9,26.6,17.1,21.5,1.9,2.8,13.6,27.4,11.6,0.172,6.6,6.1,2.250017118,1.757785426
3,0,Alonzo Mourning,1999,29,C,5,MIA,367,1210,0.303,1878588,79,52,7,5,34.8,8.3,15,0.551,0,0.1,0,8.3,14.9,0.553,0.551,5.2,7.4,0.711,2.7,6.8,9.5,1.6,0.5,3.7,2.7,3.9,21.7,25.8,0.596,0.003,0.492,9.5,21.6,15.9,8.7,0.8,7.8,13.1,28.1,12.9,0.226,4.6,4.6,0.545253287,3.490962649
4,0,Karl Malone,1999,36,PF,4,UTA,312,1210,0.258,327599,82,55,4,5,35.9,9.2,18,0.509,0,0.1,0.25,9.1,17.9,0.511,0.51,7.2,9,0.797,2.1,7.4,9.5,3.7,1,0.9,2.8,2.8,25.5,27.1,0.582,0.005,0.501,7.1,24.7,16.1,20.9,1.4,1.9,11.4,31.9,15.3,0.249,6.6,6.9,3.978292145,0.602516138
5,0,Tim Duncan,1999,23,PF,4,SAS,248,1210,0.205,1321436,74,53,6,3,38.9,8.5,17.3,0.49,0,0.1,0.091,8.5,17.2,0.494,0.491,6.2,8.1,0.761,3.5,8.9,12.4,3.2,0.9,2.2,3.3,2.8,23.2,24.8,0.555,0.009,0.471,10.8,24.8,18.1,15.5,1.2,4,13.5,28.7,13,0.218,5.9,6.1,2.181471716,2.096514225
6,0,Gary Payton,1999,31,PG,1,SEA,180,1210,0.149,898601,82,45,12,19,41.8,9.1,20.3,0.448,2.2,6.3,0.34,7,14,0.497,0.502,3.8,5.2,0.735,1.2,5.2,6.5,8.9,1.9,0.2,2.7,2.2,24.2,23.6,0.535,0.312,0.254,3.2,13.9,8.5,37.7,2.3,0.4,10.8,26.8,13.9,0.195,7.6,6.8,5.714894832,0.585893864
7,0,Allen Iverson,1999,24,SG,2,PHI,132,1210,0.109,1843011,70,49,11,16.5,40.8,10.4,24.8,0.421,1.3,3.7,0.341,9.1,21,0.435,0.446,6.3,8.9,0.713,1,2.8,3.8,4.7,2.1,0.1,3.3,2.3,28.4,20,0.496,0.151,0.358,2.7,7.7,5.2,23,2.6,0.1,10.3,34.4,6.9,0.116,3.3,2.6,0.976933854,0.327570783
8,0,Grant Hill,1999,27,SF,3,DET,113,1210,0.093,1371304,74,42,15,12.5,37.5,9.4,19.2,0.489,0.5,1.3,0.347,8.9,17.9,0.5,0.501,6.5,8.2,0.795,1.3,5.3,6.6,5.2,1.4,0.6,3.2,2.6,25.8,24.5,0.565,0.069,0.425,4.1,16.4,10.2,26.8,1.9,1.1,12.4,30.5,10.7,0.185,4.7,4.8,3.833085192,0.093660973
9,0,Chris Webber,1999,26,PF,4,SAC,96,1210,0.079,661865,75,44,14,12.5,38.4,10,20.6,0.483,0.4,1.3,0.284,9.6,19.4,0.496,0.492,4.1,5.5,0.751,2.5,8,10.5,4.6,1.6,1.7,2.9,3.5,24.5,23.4,0.53,0.061,0.267,6.8,21.8,14.3,21.1,2,2.9,11.2,28.2,10.7,0.179,5.7,5.9,2.045576816,1.957906415
10,0,Vince Carter,1999,23,SF,3,TOR,51,1210,0.042,1911973,82,45,13,20,38.1,9.6,20.7,0.465,1.2,2.9,0.403,8.5,17.8,0.475,0.493,5.3,6.7,0.791,1.8,4,5.8,3.9,1.3,1.1,2.2,3.2,25.7,23.4,0.543,0.139,0.325,5.2,12.1,8.5,20.5,1.8,2.1,8.4,30,11.8,0.182,5.2,4.6,3.578793098,0.129757958
1,1,Allen Iverson,2000,25,SG,2,PHI,1121,1240,0.904,1508142,71,56,3,11,42,10.7,25.5,0.42,1.4,4.3,0.32,9.4,21.2,0.441,0.447,8.2,10.1,0.814,0.7,3.1,3.8,4.6,2.5,0.3,3.3,2.1,31.1,24,0.518,0.169,0.397,1.9,8.3,5.2,23,3.2,0.5,10,35.9,11.8,0.19,5.1,4.8,3.493333163,0.646255665
2,0,Tim Duncan,2000,24,PF,4,SAS,706,1240,0.569,1096522,82,56,1,2.5,38.7,8.6,17.1,0.499,0.1,0.3,0.259,8.5,16.8,0.504,0.502,5,8.1,0.618,3.2,9,12.2,3,0.9,2.3,3,3,22.2,23.8,0.536,0.019,0.471,9.7,25.1,17.8,15.3,1.2,4.2,12.5,28.7,13.2,0.2,5.9,5.4,1.840179547,3.896793712
3,0,Shaquille O'Neal,2000,28,C,5,LAL,578,1240,0.466,1541298,74,56,2,1,39.5,11,19.2,0.572,0,0,0,11,19.2,0.573,0.572,6.7,13.1,0.513,3.9,8.8,12.7,3.7,0.6,2.8,2.9,3.5,28.7,30.2,0.574,0.001,0.684,11.3,24.8,18.1,18.8,0.8,4.9,10.5,31.6,14.9,0.245,5.8,7.3,4.776321994,1.443197681
4,0,Chris Webber,2000,27,PF,4,SAC,521,1240,0.42,1306243,70,55,4,15,40.5,11.2,23.4,0.481,0,0.4,0.071,11.2,23,0.488,0.481,4.6,6.6,0.703,2.6,8.5,11.1,4.2,1.3,1.7,2.8,3.2,27.1,24.7,0.516,0.017,0.282,7,22.1,14.8,20.6,1.7,2.8,9.6,31.6,11,0.186,4.9,4.9,0.960508809,2.153563917
5,0,Kevin Garnett,2000,24,PF,4,MIN,151,1240,0.122,1003336,81,47,12,8,39.5,8.7,18.2,0.477,0.2,0.8,0.288,8.5,17.4,0.486,0.484,4.4,5.8,0.764,2.7,8.7,11.4,5,1.4,1.8,2.8,2.5,22,23.9,0.531,0.045,0.317,7.7,25.3,16.4,21.8,1.8,3.2,12,27,11.8,0.176,6.2,5.7,2.244422464,2.153502024
6,0,Tracy McGrady,2000,21,SG,2,ORL,64,1240,0.052,827122,77,43,17,5,40.1,10.2,22.4,0.457,0.8,2.2,0.355,9.5,20.2,0.468,0.474,5.6,7.6,0.733,2.5,5,7.5,4.6,1.5,1.5,2.6,2.1,26.8,24.9,0.521,0.096,0.34,6.7,14.3,10.4,22.8,1.9,2.8,9.1,31.2,12.2,0.189,5.9,5.6,4.041229209,1.945232597
7,0,Karl Malone,2000,37,PF,4,UTA,21,1240,0.017,479624,81,53,6,8,35.7,8.3,16.6,0.498,0,0.1,0.4,8.2,16.5,0.499,0.499,6.6,8.3,0.793,1.4,6.9,8.3,4.5,1.1,0.8,3,2.7,23.2,24.7,0.572,0.004,0.503,5,23.3,14.3,24.1,1.7,1.7,12.9,30,13.1,0.217,5.8,5.9,3.140444735,-0.466309387
8,0,Jason Kidd,2000,27,PG,1,PHO,18,1240,0.015,1062837,77,51,8,8,39.8,5.9,14.2,0.411,0.9,3,0.297,5,11.2,0.442,0.443,4.3,5.2,0.814,1.2,5.2,6.4,9.8,2.2,0.3,3.7,2.2,16.9,19.4,0.51,0.211,0.367,3.3,15.2,9.1,41.2,2.8,0.5,18.3,22.7,9.6,0.15,5.3,4.8,2.191378428,2.285140298
9,0,Kobe Bryant,2000,22,SG,2,LAL,11,1240,0.009,1433747,68,56,2,1,40.9,10.3,22.2,0.464,0.9,2.9,0.305,9.4,19.3,0.489,0.484,7,8.2,0.853,1.5,4.3,5.9,5,1.7,0.6,3.2,3.3,28.5,24.5,0.552,0.132,0.369,4.3,11.8,8.1,23,2.1,1.1,11.1,31.8,11.3,0.196,4.4,4.2,5.27666868,1.113544014
10,0,David Robinson,2000,35,C,5,SAS,8,1240,0.006,716228,80,56,1,2.5,29.6,5,10.3,0.486,0,0,0,5,10.3,0.487,0.486,4.4,5.9,0.747,2.6,6,8.6,1.5,1,2.5,1.5,2.7,14.4,23.7,0.559,0.001,0.571,10.4,22,16.5,8.8,1.8,5.8,10.6,22.8,12.1,0.246,4.5,5.5,0.640909363,6.084678167
1,1,Tim Duncan,2001,25,PF,4,SAS,954,1260,0.757,762289,82,58,3,2,40.6,9.3,18.3,0.508,0,0.1,0.1,9.3,18.2,0.511,0.508,6.8,8.5,0.799,3.3,9.4,12.7,3.7,0.7,2.5,3.2,2.6,25.5,27,0.576,0.007,0.466,9.6,25.9,18,18.3,1,4.3,12.7,29,17.8,0.257,8.1,7.6,3.617258605,3.483545582
2,0,Jason Kidd,2001,28,PG,1,NJN,897,1260,0.712,442630,82,52,5,23,37.3,5.4,13.9,0.391,1.4,4.4,0.321,4,9.4,0.424,0.442,2.5,3,0.814,1.6,5.7,7.3,9.9,2.1,0.2,3.5,1.7,14.7,19.1,0.484,0.32,0.217,4.7,17.2,10.9,42.5,3,0.5,18.7,22.5,8.9,0.14,5.4,5.1,4.108294562,2.111637403
3,0,Shaquille O'Neal,2001,29,C,5,LAL,696,1260,0.552,1247438,67,58,2,1,36.1,10.6,18.3,0.579,0,0,0,10.6,18.3,0.58,0.579,5.9,10.7,0.555,3.5,7.2,10.7,3,0.6,2,2.6,3,27.2,29.7,0.59,0.001,0.583,10.8,21.6,16.3,16.4,0.9,4.1,10,31.8,13.2,0.262,5.5,7,4.239287677,3.422637576
4,0,Tracy McGrady,2001,22,SG,2,ORL,390,1260,0.31,453276,76,44,12,4.5,38.3,9.4,20.9,0.451,1.4,3.7,0.364,8.1,17.1,0.47,0.483,5.5,7.3,0.748,2,5.9,7.9,5.3,1.6,1,2.5,1.8,25.6,25.1,0.532,0.178,0.35,5.7,17.3,11.5,25.8,2.1,1.8,9.4,31.1,11.5,0.189,5.9,6,5.144965143,1.284104185
5,0,Kobe Bryant,2001,23,SG,2,LAL,98,1260,0.078,1121753,80,58,2,1,38.3,9.4,20,0.469,0.4,1.7,0.25,9,18.3,0.489,0.479,6.1,7.4,0.829,1.4,4.1,5.5,5.5,1.5,0.4,2.8,2.9,25.2,23.2,0.544,0.083,0.369,4.1,11.7,7.9,25.9,2,0.8,10.7,30.4,12.7,0.199,5,4.4,4.648752453,-0.206137875
6,0,Gary Payton,2001,33,PG,1,SEA,54,1260,0.043,367120,82,45,10,21,40.3,9,19.2,0.467,0.9,2.9,0.314,8.1,16.4,0.494,0.49,3.3,4.1,0.797,1,3.9,4.8,9,1.6,0.3,2.5,2.2,22.1,22.9,0.526,0.15,0.212,2.9,11.1,7.1,39.4,2.1,0.6,10.8,27.2,12.6,0.183,5.5,4.6,4.849804525,-0.209407555
7,0,Chris Webber,2001,28,PF,4,SAC,37,1260,0.029,553401,54,61,1,4.5,38.4,9.9,19.9,0.495,0.1,0.4,0.263,9.8,19.6,0.499,0.497,4.7,6.3,0.749,2.8,7.3,10.1,4.8,1.7,1.4,2.9,3.4,24.5,24.4,0.54,0.018,0.314,7.9,20.1,14.1,21.9,2.2,2.4,11.4,29,8.6,0.2,4.3,6.2,2.462185528,0.971512576
8,0,Dirk Nowitzki,2001,23,C,5,DAL,31,1260,0.025,398184,76,57,4,10,38,7.9,16.6,0.477,1.8,4.6,0.397,6.1,11.9,0.508,0.532,5.8,6.8,0.853,1.6,8.4,9.9,2.4,1.1,1,1.9,2.9,23.4,24.1,0.599,0.278,0.41,4.7,24,14.5,10.8,1.5,1.9,8.9,25.5,13.4,0.222,4.8,4.7,4.580113781,0.16563954
9,0,Allen Iverson,2001,26,SG,2,PHI,29,1260,0.023,920502,60,43,14,4.5,43.7,11.1,27.8,0.398,1.3,4.5,0.291,9.8,23.4,0.419,0.422,7.9,9.8,0.812,0.7,3.8,4.5,5.5,2.8,0.2,4,1.7,31.4,21.9,0.489,0.161,0.351,1.9,9.6,5.8,27.6,3.5,0.4,11,37.8,6.9,0.126,3.9,3.8,1.818079415,1.719887675
10,0,Ben Wallace,2001,27,C,5,DET,24,1260,0.019,0,80,50,6,21,36.5,3.2,6,0.531,0,0,0,3.2,6,0.535,0.531,1.2,2.9,0.423,4,9,13,1.4,1.7,3.5,0.9,2.2,7.6,18.6,0.522,0.006,0.488,12.9,28.9,21,6.2,2.5,6.7,10.7,10.5,11.6,0.19,5.9,5.9,-0.693215551,5.810173469
1,1,Tim Duncan,2002,26,PF,4,SAS,962,1190,0.808,1179955,81,60,2,4.5,39.3,8.8,17.2,0.513,0.1,0.3,0.273,8.7,16.9,0.517,0.515,5.6,7.8,0.71,3.2,9.7,12.9,3.9,0.7,2.9,3.1,2.9,23.3,26.9,0.564,0.016,0.455,9.9,27.3,19,19.5,0.9,5.2,12.9,28,16.5,0.248,7.6,7.4,3.871612321,4.244495858
2,0,Kevin Garnett,2002,26,PF,4,MIN,871,1190,0.732,1086780,82,51,4,11,40.5,9.1,18.1,0.502,0.2,0.9,0.282,8.8,17.2,0.513,0.508,4.6,6.1,0.751,3,10.5,13.4,6,1.4,1.6,2.8,2.4,23,26.4,0.553,0.048,0.339,8.6,28.5,18.8,25.8,1.8,2.8,11.9,26.4,15.6,0.225,9,8.7,4.854982917,4.081720862
3,0,Kobe Bryant,2002,24,SG,2,LAL,496,1190,0.417,1474386,82,50,6,1,41.5,10.6,23.5,0.451,1.5,4,0.383,9.1,19.5,0.465,0.483,7.3,8.7,0.843,1.3,5.6,6.9,5.9,2.2,0.8,3.5,2.7,30,26.2,0.55,0.168,0.371,3.5,15.3,9.3,27.2,2.8,1.4,11.4,32.9,14.9,0.21,7.1,6.4,5.389915227,0.941291902
4,0,Tracy McGrady,2002,23,SG,2,ORL,427,1190,0.359,1316297,75,42,17,6,39.4,11.1,24.2,0.457,2.3,6,0.386,8.7,18.2,0.481,0.505,7.7,9.7,0.793,1.6,4.9,6.5,5.5,1.7,0.8,2.6,2.1,32.1,30.3,0.564,0.247,0.4,4.6,14.6,9.5,30,2.2,1.5,8.4,35.2,16.1,0.262,8.7,9.7,8.020701931,0.347800236
5,0,Shaquille O'Neal,2002,30,C,5,LAL,126,1190,0.106,1049081,67,50,6,1,37.8,10.4,18.1,0.574,0,0,0,10.4,18.1,0.574,0.574,6.7,10.8,0.622,3.9,7.2,11.1,3.1,0.6,2.4,2.9,3.4,27.5,29.5,0.602,0,0.599,11.4,21.6,16.5,16.2,0.8,4.5,11.4,30.2,13.2,0.25,5.3,6.3,4.953084438,0.484239515
6,0,Allen Iverson,2002,27,SG,2,PHI,83,1190,0.07,1155897,82,48,10,11,42.5,9.8,23.7,0.414,1,3.7,0.277,8.8,20,0.44,0.436,7,9,0.774,0.8,3.4,4.2,5.5,2.7,0.2,3.5,1.8,27.6,21.2,0.5,0.156,0.379,2.3,9.5,5.8,25.1,3.4,0.3,11.2,32.9,9.2,0.127,4.2,2.8,2.473674637,0.280695031
7,0,Dirk Nowitzki,2002,24,PF,4,DAL,43,1190,0.036,1079425,80,60,1,3,39,8.6,18.6,0.463,1.9,4.9,0.379,6.8,13.7,0.493,0.513,6,6.9,0.881,1,8.9,9.9,3,1.4,1,1.9,2.6,25.1,25.6,0.581,0.262,0.368,2.9,25.1,14,13.3,1.8,2,8.1,27.4,16.1,0.249,6.1,5.7,4.631648657,2.194584255
8,0,Ben Wallace,2002,28,C,5,DET,33,1190,0.028,1123090,73,50,5,11,39.4,2.9,6,0.481,0,0.1,0.167,2.9,5.9,0.485,0.482,1.2,2.6,0.45,4,11.4,15.4,1.6,1.4,3.2,1.2,2.5,6.9,17.2,0.486,0.014,0.432,11.9,34.9,23.2,6.9,2,5.9,14.5,10.2,10.6,0.176,5.1,5.1,-1.362756242,6.944065366
9,0,Jason Kidd,2002,29,PG,1,NJN,31,1190,0.026,962325,80,49,8,4.5,37.4,6.4,15.6,0.414,1.6,4.6,0.341,4.9,10.9,0.445,0.465,4.2,5,0.841,1.4,4.9,6.3,8.9,2.2,0.3,3.7,1.6,18.7,22.2,0.526,0.297,0.324,4.2,15.1,9.6,42.2,3.1,0.6,17.2,25.9,11.3,0.182,6.7,6.9,4.407908555,2.851787284
10,0,Chris Webber,2002,29,PF,4,SAC,19,1190,0.016,906836,67,59,3,2,39.1,9.9,21.4,0.461,0.1,0.3,0.238,9.8,21.1,0.465,0.463,3.2,5.3,0.607,2.4,8.1,10.5,5.4,1.6,1.3,3.2,3,23,20.9,0.485,0.015,0.247,6.9,21.1,14.4,24.6,2,2.2,11.9,30.4,6.9,0.127,3.8,3.8,0.381012253,1.36983101
1,1,Kevin Garnett,2003,27,PF,4,MIN,1219,1230,0.991,1780918,82,58,2,6,39.4,9.8,19.6,0.499,0.1,0.5,0.256,9.7,19.1,0.506,0.502,4.5,5.7,0.791,3,10.9,13.9,5,1.5,2.2,2.6,2.5,24.2,29.4,0.547,0.027,0.289,9.1,30,20.1,24.4,2,4,10.5,29.6,18.3,0.272,9.8,9.9,4.39007551,4.456477305
2,0,Tim Duncan,2003,27,PF,4,SAS,716,1230,0.582,1681435,69,57,3,2,36.6,8.6,17.1,0.501,0,0.2,0.167,8.6,16.9,0.505,0.502,5.1,8.5,0.599,3.3,9.2,12.4,3.1,0.9,2.7,2.7,2.4,22.3,27.1,0.534,0.01,0.498,10.2,27.6,19,17.4,1.3,5.3,11.3,29.7,13.1,0.249,5.9,7.3,1.927665865,4.455760469
3,0,Jermaine O'Neal,2003,25,PF,4,IND,523,1230,0.425,1629054,78,61,1,7.5,35.7,7.8,17.9,0.434,0,0.2,0.111,7.8,17.7,0.438,0.435,4.5,5.9,0.757,2.5,7.5,10,2.1,0.8,2.6,2.3,3.2,20.1,21.1,0.489,0.013,0.329,8.1,25,16.5,12.3,1.2,5.5,10.1,30.2,9,0.155,2.7,1.8,-0.625865701,2.570107971
4,0,Peja Stojakovic,2003,26,SF,3,SAC,281,1230,0.228,456369,81,55,5,3,40.3,8.2,17.1,0.48,3,6.8,0.433,5.2,10.3,0.511,0.566,4.9,5.2,0.927,1.1,5.1,6.3,2.1,1.3,0.2,1.9,2,24.2,21.8,0.624,0.4,0.307,3.2,14.1,8.8,9.1,1.7,0.3,8.9,23.9,13.5,0.198,4.7,3.7,4.335474722,-1.079810328
5,0,Kobe Bryant,2003,25,SG,2,LAL,212,1230,0.172,1759717,65,56,4,1,37.6,7.9,18.1,0.438,1.1,3.3,0.327,6.8,14.8,0.463,0.468,7,8.2,0.852,1.6,3.9,5.5,5.1,1.7,0.4,2.6,2.7,24,23.7,0.551,0.184,0.452,4.7,12,8.3,24.4,2.4,0.8,10.8,29.1,10.7,0.21,4.7,5.7,5.064588778,0.424176435
6,0,Shaquille O'Neal,2003,31,C,5,LAL,178,1230,0.145,1453286,67,56,4,1,36.8,8.3,14.1,0.584,0,0,0,8.3,14.1,0.584,0.584,4.9,10.1,0.49,3.7,7.8,11.5,2.9,0.5,2.5,2.9,3.4,21.5,24.4,0.578,0,0.713,11.1,24.4,17.7,14.8,0.7,5,13.5,26.3,9.9,0.192,4.6,5.4,2.683168453,1.943535145
7,0,Ben Wallace,2003,29,C,5,DET,24,1230,0.02,1982251,81,54,6,7.5,37.7,3.9,9.2,0.421,0,0.1,0.125,3.9,9.1,0.424,0.422,1.8,3.6,0.49,4,8.4,12.4,1.7,1.8,3,1.5,2,9.5,17.3,0.441,0.011,0.388,12.5,25.5,19.1,7.7,2.6,6.1,12.3,15.3,10.2,0.16,5.5,5.1,-1.467349251,7.340098458
8,0,Jason Kidd,2003,30,PG,1,NJN,17,1230,0.014,1126838,67,47,9,5,36.6,5.5,14.3,0.384,1.4,4.4,0.321,4.1,9.9,0.411,0.433,3.1,3.7,0.827,1.3,5.1,6.4,9.2,1.8,0.2,3.2,1.6,15.5,19.7,0.485,0.306,0.26,4.1,16.5,10.3,44.8,2.7,0.4,16.7,24.6,7.2,0.141,4.1,4.5,3.226156119,2.234984042
9,0,LeBron James,2003,19,SG,2,CLE,11,1230,0.009,768532,79,35,21,22,39.5,7.9,18.9,0.417,0.8,2.7,0.29,7.1,16.1,0.438,0.438,4.4,5.8,0.754,1.3,4.2,5.5,5.9,1.6,0.7,3.5,1.9,20.9,18.3,0.488,0.145,0.308,3.5,11.8,7.6,27.8,2.2,1.3,13.9,28.2,5.1,0.078,3.1,1.9,1.337109873,-0.298264024
1,1,Steve Nash,2004,30,PG,1,PHO,1066,1270,0.839,1148275,75,62,1,24.5,34.3,5.7,11.4,0.502,1.3,2.9,0.431,4.5,8.5,0.526,0.557,2.8,3.2,0.887,0.8,2.6,3.3,11.5,1,0.1,3.3,1.8,15.5,22,0.606,0.254,0.278,2.5,7.6,5.2,49.2,1.4,0.2,20.3,20.5,10.9,0.203,2.4,1.7,7.296740757,-1.541472378
2,0,Shaquille O'Neal,2004,32,C,5,MIA,1032,1270,0.813,2488089,73,59,2,11,34.1,9,15,0.601,0,0,0,9,15,0.601,0.601,4.8,10.5,0.461,3.5,6.9,10.4,2.7,0.5,2.3,2.8,3.6,22.9,27,0.583,0,0.699,12.4,22.8,17.8,15.7,0.8,5,12.4,30.5,11,0.211,4.7,5.6,1.797942589,2.036536554
3,0,Dirk Nowitzki,2004,26,PF,4,DAL,349,1270,0.275,846912,78,58,4,8,38.7,8.5,18.5,0.459,1.2,2.9,0.399,7.3,15.6,0.47,0.49,7.9,9.1,0.869,1.2,8.5,9.7,3.1,1.2,1.5,2.3,2.8,26.1,26.1,0.578,0.158,0.49,3.6,24,14,14.3,1.7,2.9,9.1,28.7,15.6,0.248,5.9,5.7,3.821284414,1.815783906
4,0,Tim Duncan,2004,28,PF,4,SAS,328,1270,0.258,1812522,66,59,3,1,33.4,7.8,15.8,0.496,0,0.1,0.333,7.8,15.7,0.498,0.498,4.6,6.9,0.67,3.1,8,11.1,2.7,0.7,2.6,1.9,2.2,20.3,27,0.54,0.009,0.437,10.7,28.2,19.4,16.1,1.1,5.7,9.3,28.9,11.2,0.245,4.7,6.4,2.665027956,4.450822799
5,0,Allen Iverson,2004,29,PG,1,PHI,240,1270,0.189,1590400,75,43,16,13.5,42.3,10.3,24.2,0.424,1.4,4.5,0.308,8.9,19.7,0.451,0.453,8.7,10.5,0.835,0.7,3.3,4,7.9,2.4,0.1,4.6,1.9,30.7,23.2,0.532,0.186,0.432,1.8,8.9,5.3,37.6,2.9,0.2,13.7,35,9,0.136,5,4.3,2.771129165,-0.657938824
6,0,LeBron James,2004,20,SF,3,CLE,93,1270,0.073,1661204,80,42,18,15.5,42.4,9.9,21.1,0.472,1.4,3.9,0.351,8.6,17.2,0.499,0.504,6,8,0.75,1.4,6,7.4,7.2,2.2,0.7,3.3,1.8,27.2,25.7,0.554,0.183,0.378,3.8,17,10.2,32.9,2.8,1.1,11.8,29.7,14.3,0.203,8.8,8.3,5.094678357,1.423964185
7,0,Tracy McGrady,2004,25,SF,3,HOU,44,1270,0.035,1993687,78,51,7,9.5,40.8,9.2,21.3,0.431,1.8,5.6,0.326,7.3,15.7,0.468,0.473,5.5,7.1,0.774,0.9,5.3,6.2,5.7,1.7,0.7,2.6,2.1,25.7,22.9,0.526,0.262,0.336,2.7,14.8,8.9,28.6,2.3,1.3,9.5,31.2,12,0.18,7,6.8,4.677866136,1.711061072
8,0,Dwyane Wade,2004,23,SG,2,MIA,43,1270,0.034,1195888,77,59,2,11,38.6,8.2,17.1,0.478,0.2,0.6,0.289,8,16.5,0.485,0.483,7.5,9.9,0.762,1.4,3.7,5.2,6.8,1.6,1.1,4.2,3,24.1,23.1,0.561,0.034,0.578,4.5,10.8,7.8,31,2.2,2,16.3,30.9,11,0.177,4.8,4.4,3.664304847,0.296199457
9,0,Amar'e Stoudemire,2004,22,C,5,PHO,41,1270,0.032,640370,80,62,1,24.5,36.1,9.3,16.7,0.559,0,0.2,0.188,9.3,16.5,0.564,0.56,7.3,9.9,0.733,2.7,6.2,8.9,1.6,1,1.6,2.4,3.5,26,26.6,0.617,0.012,0.595,8.5,17.4,13.2,7.7,1.3,3,10.1,28.3,14.6,0.243,3.9,3.4,3.49240029,-0.606373345
9,0,Ray Allen,2004,29,SG,2,SEA,41,1270,0.032,920130,78,52,6,22,39.3,8.2,19.2,0.428,2.7,7.1,0.376,5.5,12,0.459,0.498,4.8,5.5,0.883,1,3.4,4.4,3.7,1.1,0.1,2.2,2.1,23.9,20.9,0.555,0.372,0.286,3.2,10.7,6.9,18.1,1.5,0.1,9.2,28,10.7,0.168,4.4,3.7,6.128334103,-1.40147961
1,1,Steve Nash,2005,31,PG,1,PHO,924,1250,0.739,1818230,79,54,4,3,35.4,6.8,13.4,0.512,1.9,4.3,0.439,4.9,9,0.548,0.583,3.3,3.5,0.921,0.6,3.6,4.2,10.5,0.8,0.2,3.5,1.5,18.8,23.3,0.632,0.324,0.264,1.9,11.1,6.6,44.4,1.1,0.3,19,23.3,12.4,0.212,4,3.7,6.510774594,-1.036545506
2,0,LeBron James,2005,21,SF,3,CLE,688,1250,0.55,2207697,79,50,6,10.5,42.5,11.1,23.1,0.48,1.6,4.8,0.335,9.5,18.3,0.518,0.515,7.6,10.3,0.738,0.9,6.1,7,6.6,1.6,0.8,3.3,2.3,31.4,28.1,0.568,0.208,0.447,2.6,17.1,9.8,32.8,2,1.5,10.7,33.6,16.3,0.232,9.5,9.3,6.415884113,0.840637535
3,0,Dirk Nowitzki,2005,27,PF,4,DAL,544,1250,0.435,626083,81,60,3,6,38.1,9.3,19.3,0.48,1.4,3.3,0.406,7.9,16,0.496,0.515,6.7,7.4,0.901,1.4,7.6,9,2.8,0.7,1,1.9,2,26.6,28.1,0.589,0.173,0.382,4.6,23.4,14.2,14.7,1,2.1,7.9,30,17.7,0.275,6,5.7,5.932919341,0.370503941
4,0,Kobe Bryant,2005,27,SG,2,LAL,483,1250,0.386,2271631,80,45,10,14,41,12.2,27.2,0.45,2.3,6.5,0.347,10,20.7,0.482,0.491,8.7,10.2,0.85,0.9,4.4,5.3,4.5,1.8,0.4,3.1,2.9,35.4,28,0.559,0.238,0.377,2.6,12.7,7.6,24.1,2.4,0.7,9,38.7,15.3,0.224,6.5,5.8,6.696956311,-0.641639248
5,0,Chauncey Billups,2005,29,PG,1,DET,430,1250,0.344,717006,81,64,1,4,36.1,5.2,12.5,0.418,2.3,5.2,0.433,3,7.2,0.407,0.509,5.7,6.4,0.894,0.5,2.6,3.1,8.6,0.9,0.1,2.1,2,18.5,23.4,0.602,0.42,0.514,1.6,8.7,5.1,39.3,1.3,0.2,12,22.9,15.5,0.254,4.9,4.7,6.536574306,-0.950099502
6,0,Dwyane Wade,2005,24,SG,2,MIA,87,1250,0.07,1499664,75,52,5,2,38.6,9.3,18.8,0.495,0.2,1,0.171,9.1,17.8,0.513,0.499,8.4,10.7,0.783,1.4,4.3,5.7,6.7,1.9,0.8,3.6,2.9,27.2,27.6,0.577,0.054,0.568,4.5,12.6,8.7,33,2.6,1.5,13.2,32.5,14.4,0.239,7,7.5,6.399514799,2.758030337
7,0,Elton Brand,2005,26,PF,4,LAC,50,1250,0.04,442056,79,47,9,22.5,39.2,9.6,18.2,0.527,0,0,0.333,9.6,18.1,0.527,0.527,5.6,7.2,0.775,3,7,10,2.6,1,2.5,2.2,2.9,24.7,26.5,0.58,0.002,0.396,9.3,19.9,14.8,13.1,1.4,4.9,9.3,27.7,14.8,0.229,6.5,6.3,3.522706776,1.706875113
8,0,Tim Duncan,2005,29,PF,4,SAS,33,1250,0.026,1518796,80,63,2,1,34.8,7.2,14.8,0.484,0,0.1,0.4,7.2,14.8,0.485,0.485,4.2,6.7,0.629,2.9,8.1,11,3.2,0.9,2,2.5,2.7,18.6,23.1,0.523,0.004,0.45,10.1,26.9,18.7,16.5,1.4,4.2,12.2,27.7,10.8,0.187,4.6,4.6,1.462849637,3.578942573
9,0,Tony Parker,2005,23,PG,1,SAS,9,1250,0.007,646739,80,63,2,1,33.9,7.8,14.2,0.548,0.1,0.5,0.306,7.7,13.8,0.556,0.553,3.2,4.5,0.707,0.5,2.8,3.3,5.8,1,0.1,3.1,2,18.9,20.8,0.584,0.032,0.315,1.7,9.5,5.7,32.2,1.7,0.1,16.1,27.1,9.6,0.169,3.1,2.6,2.31034643,0.281717336
1,1,Dirk Nowitzki,2006,28,PF,4,DAL,1138,1290,0.882,1276304,78,67,1,1,36.2,8.6,17.2,0.502,0.9,2.2,0.416,7.7,15,0.515,0.529,6.4,7.1,0.904,1.6,7.3,8.9,3.4,0.7,0.8,2.1,2.2,24.6,27.6,0.605,0.129,0.411,5.3,23.9,14.8,17.8,1,1.7,9.5,28.9,16.3,0.278,6.2,6.7,5.521601286,0.427274107
2,0,Steve Nash,2006,32,PG,1,PHO,1013,1290,0.785,1504826,76,61,2,3.5,35.3,6.8,12.8,0.532,2.1,4.5,0.455,4.8,8.3,0.575,0.613,2.9,3.3,0.899,0.4,3.1,3.5,11.6,0.8,0.1,3.8,1.5,18.6,23.8,0.654,0.353,0.254,1.4,9.9,5.8,50.1,1.1,0.2,21,22.9,12.6,0.225,3.9,3.8,7.520648513,-1.200076996
3,0,Kobe Bryant,2006,28,SG,2,LAL,521,1290,0.404,2138777,77,42,13,11.5,40.8,10.6,22.8,0.463,1.8,5.2,0.344,8.8,17.6,0.497,0.502,8.7,10,0.868,1,4.7,5.7,5.4,1.4,0.5,3.3,2.7,31.6,26.1,0.58,0.227,0.437,2.8,13.5,8.2,25.5,1.8,0.9,10.9,33.6,13,0.199,5.3,4.7,5.814958023,-0.184769524
4,0,Tim Duncan,2006,30,C,5,SAS,286,1290,0.222,1436584,80,58,3,2,34.1,7.7,14.1,0.546,0,0.1,0.111,7.7,14,0.55,0.547,4.5,7.1,0.637,2.7,7.9,10.6,3.4,0.8,2.4,2.8,2.5,20,26.1,0.579,0.008,0.502,9.8,27,18.8,18.8,1.3,5.1,14,27.9,13,0.23,6.3,7.1,2.245433035,4.996011198
5,0,LeBron James,2006,22,SF,3,CLE,183,1290,0.142,2516049,78,50,7,6,40.9,9.9,20.8,0.476,1.3,4,0.319,8.6,16.8,0.513,0.507,6.3,9,0.698,1.1,5.7,6.7,6,1.6,0.7,3.2,2.2,27.3,24.5,0.552,0.191,0.432,3,16.6,9.6,29.1,2.1,1.3,11.5,31,13.7,0.206,7.6,7.4,4.632207144,2.641377662
6,0,Tracy McGrady,2006,27,SG,2,HOU,110,1290,0.085,1942746,71,52,5,9,35.8,9,20.8,0.431,1.8,5.4,0.331,7.2,15.5,0.466,0.474,4.9,6.9,0.707,0.8,4.5,5.3,6.5,1.3,0.5,3,1.9,24.6,23.2,0.515,0.257,0.33,2.6,14.5,8.6,37.5,1.9,1.1,11.2,35,8.6,0.163,5.2,6.2,3.603182883,0.280167673
7,0,Chris Bosh,2006,22,C,5,TOR,43,1290,0.033,1091263,69,47,9,22,38.5,7.9,15.9,0.496,0.2,0.5,0.343,7.7,15.3,0.501,0.502,6.7,8.6,0.785,2.7,8,10.7,2.5,0.6,1.3,2.6,2.4,22.6,22.6,0.577,0.032,0.539,8.1,24.8,16.4,11.7,0.8,2.6,11.7,26.7,9.6,0.174,3.1,2.6,0.951137244,0.376574556
8,0,Gilbert Arenas,2006,25,PG,1,WAS,31,1290,0.024,1454166,74,41,15,16,39.8,8.7,20.9,0.418,2.8,7.9,0.351,6,13,0.459,0.484,8.2,9.7,0.844,0.8,3.7,4.6,6,1.9,0.2,3.2,3.4,28.4,24,0.565,0.377,0.464,2.3,11.1,6.6,27.2,2.4,0.3,11.2,31.4,10.8,0.177,5.2,5,6.172511025,0.066437618
9,0,Carlos Boozer,2006,25,PF,4,UTA,7,1290,0.005,359882,74,51,6,18,34.6,8.7,15.6,0.561,0,0,0,8.7,15.6,0.561,0.561,3.4,5,0.685,3.2,8.5,11.7,3,0.9,0.3,2.6,2.9,20.9,24.1,0.588,0,0.322,11.2,29.9,20.6,16.6,1.4,0.7,12.8,26.5,9.9,0.185,4.3,4.6,2.992176813,0.312283746
9,0,Kevin Garnett,2006,30,PF,4,MIN,7,1290,0.005,1616575,76,32,24,22,39.4,8.4,17.6,0.476,0.2,0.7,0.214,8.2,16.9,0.487,0.48,5.5,6.6,0.835,2.4,10.4,12.8,4.1,1.2,1.7,2.7,2.4,22.4,24.1,0.546,0.042,0.371,7.5,30.8,19.5,19.5,1.6,3.2,11.6,27.4,10.7,0.171,5.2,5,2.169539081,3.643920186
1,1,Kobe Bryant,2007,29,SG,2,LAL,1100,1260,0.873,2004940,82,57,3,16,38.9,9.5,20.6,0.459,1.8,5.1,0.361,7.6,15.5,0.49,0.503,7.6,9,0.84,1.1,5.2,6.3,5.4,1.8,0.5,3.1,2.8,28.3,24.2,0.576,0.246,0.439,3.4,14.1,9,23.9,2.4,0.9,11.3,31.4,13.8,0.208,6,5.4,6.051651061,1.153104666
2,0,Chris Paul,2007,22,PG,1,NOH,894,1260,0.71,563525,80,56,4,20,37.6,7.9,16.1,0.488,1.2,3.1,0.369,6.7,13,0.516,0.524,4.2,4.9,0.851,0.8,3.2,4,11.6,2.7,0.1,2.5,2.3,21.1,28.3,0.576,0.193,0.302,2.4,10.3,6.2,52.2,3.9,0.1,12.1,25.7,17.8,0.284,8.5,9.2,9.040851852,0.968720838
3,0,Kevin Garnett,2007,31,PF,4,BOS,670,1260,0.532,2399148,71,66,1,6,32.8,7.5,13.9,0.539,0,0.2,0,7.5,13.8,0.545,0.539,3.8,4.7,0.801,1.9,7.3,9.2,3.4,1.4,1.3,1.9,2.3,18.8,25.3,0.588,0.011,0.339,7.3,25.1,16.8,19.9,2.3,3.1,10.8,25.5,12.9,0.265,5.5,7.4,2.859439639,4.955688263
4,0,LeBron James,2007,23,SF,3,CLE,438,1260,0.348,2108831,75,45,13,4,40.4,10.6,21.9,0.484,1.5,4.8,0.315,9.1,17.1,0.531,0.518,7.3,10.3,0.712,1.8,6.1,7.9,7.2,1.8,1.1,3.4,2.2,30,29.1,0.568,0.219,0.47,4.9,17.8,11.1,37.3,2.4,2.1,11.4,33.5,15.2,0.242,10.1,11.2,6.802467,1.626495475
5,0,Dwight Howard,2007,22,C,5,ORL,60,1260,0.048,2066991,82,52,9,17.5,37.7,7.1,11.9,0.599,0,0,0,7.1,11.8,0.601,0.599,6.5,10.9,0.59,3.4,10.8,14.2,1.3,0.9,2.1,3.2,3.3,20.7,22.9,0.619,0.004,0.921,10.9,31.6,21.7,6.1,1.2,4.2,16.1,24.2,12.9,0.2,3.3,2.2,0.627842058,2.163505364
6,0,Amar'e Stoudemire,2007,25,C,5,PHO,27,1260,0.021,998969,79,55,7,3,33.9,9,15.3,0.59,0.1,0.4,0.161,9,14.9,0.601,0.592,7,8.7,0.805,2.3,6.8,9.1,1.5,0.8,2.1,2.2,3.7,25.2,27.6,0.656,0.026,0.571,8.2,21.1,15.2,7.5,1.2,4,10.3,28.2,14.6,0.262,4,3.9,3.608419212,0.081288398
7,0,Tim Duncan,2007,31,C,5,SAS,25,1260,0.02,1712800,78,56,5,1.5,34,7.5,15.1,0.497,0,0.1,0,7.5,15.1,0.498,0.497,4.3,5.9,0.73,3,8.3,11.3,2.8,0.7,1.9,2.3,2.4,19.3,24.4,0.546,0.003,0.393,10.7,28.3,19.6,15.7,1.1,4.3,11.4,28.2,11.1,0.201,4.5,4.7,0.874232314,4.296832261
8,0,Tracy McGrady,2007,28,SG,2,HOU,19,1260,0.015,1192742,66,55,6,6,37,8.3,19.8,0.419,1.3,4.5,0.292,7,15.3,0.457,0.452,3.7,5.4,0.684,0.6,4.5,5.1,5.9,1,0.5,2.4,1.4,21.6,18.4,0.487,0.226,0.274,2,13.5,7.8,29.6,1.5,0.9,9.8,30.4,5.8,0.115,2.7,2.4,2.03438348,0.577414784
9,0,Steve Nash,2007,33,PG,1,PHO,18,1260,0.014,1174125,81,55,7,3,34.3,6,11.9,0.504,2.2,4.7,0.47,3.8,7.2,0.527,0.597,2.7,3,0.906,0.3,3.1,3.5,11.1,0.7,0.1,3.6,1.4,16.9,21.1,0.641,0.396,0.255,1.2,9.6,5.7,47.3,0.9,0.1,21.6,22,10.5,0.181,2.6,1.6,6.832862505,-1.622864537
10,0,Manu Ginobili,2007,30,SG,2,SAS,9,1260,0.007,541148,74,56,5,1.5,31.1,6.1,13.3,0.46,2.1,5.3,0.401,4,8,0.499,0.54,5.1,6,0.86,0.9,3.9,4.8,4.5,1.5,0.4,2.7,2.3,19.5,24.3,0.612,0.395,0.449,3.3,14.7,9.1,26.4,2.6,1.1,14.5,28.7,11.1,0.232,5.9,8.1,5.4005772,2.669572164
1,1,LeBron James,2008,24,SF,3,CLE,1172,1210,0.969,29840823,81,66,1,5,37.7,9.7,19.9,0.489,1.6,4.7,0.344,8.1,15.2,0.535,0.53,7.3,9.4,0.78,1.3,6.3,7.6,7.2,1.7,1.1,3,1.7,28.4,31.7,0.591,0.238,0.472,4.3,19,11.9,38,2.4,2.4,11,33.8,20.3,0.318,11.6,13,9.334993762,3.245820847
2,0,Kobe Bryant,2008,30,SG,2,LAL,698,1210,0.577,2805397,82,65,2,1.5,36.1,9.8,20.9,0.467,1.4,4.1,0.351,8.3,16.8,0.496,0.502,5.9,6.9,0.856,1.1,4.1,5.2,4.9,1.5,0.5,2.6,2.3,26.8,24.4,0.561,0.196,0.329,3.5,12.8,8.2,23.8,2.1,1,9.7,32.2,12.7,0.206,4.9,4.5,5.905903594,0.790464766
3,0,Dwyane Wade,2008,27,SG,2,MIA,680,1210,0.562,2741413,79,43,14,15.5,38.6,10.8,22,0.491,1.1,3.5,0.317,9.7,18.5,0.524,0.516,7.5,9.8,0.765,1.1,3.9,5,7.5,2.2,1.3,3.4,2.3,30.2,30.4,0.574,0.16,0.443,3.5,12.2,7.8,40.3,3,2.8,11.6,36.2,14.7,0.232,9.7,10.7,7.081242324,2.31074139
4,0,Dwight Howard,2008,23,C,5,ORL,328,1210,0.271,3150181,79,59,4,10.5,35.7,7.1,12.4,0.572,0,0,0,7.1,12.4,0.573,0.572,6.4,10.7,0.594,4.3,9.6,13.8,1.4,1,2.9,3,3.4,20.6,25.4,0.6,0.002,0.867,13.8,29.5,21.8,7.3,1.4,5.9,15.1,26.1,13.8,0.234,4.6,4.4,0.725677494,4.375458232
5,0,Chris Paul,2008,23,PG,1,NOH,192,1210,0.159,2134798,78,49,10,5,38.5,8.1,16.1,0.503,0.8,2.3,0.364,7.3,13.8,0.525,0.528,5.8,6.7,0.868,0.9,4.7,5.5,11,2.8,0.1,3,2.7,22.8,30,0.599,0.14,0.418,2.8,14.6,8.7,54.5,3.9,0.3,13.5,27.5,18.3,0.292,10,11.2,8.195174738,3.653223158
6,0,Chauncey Billups,2008,32,PG,1,DEN,33,1210,0.027,0,79,55,5,17,35.3,5.2,12.4,0.418,2.1,5,0.408,3.1,7.4,0.425,0.501,5.3,5.8,0.913,0.4,2.6,3,6.4,1.2,0.2,2.2,2,17.7,18.8,0.592,0.405,0.467,1.4,8.4,5,28.9,1.7,0.5,13,21.7,10.1,0.174,3.2,2.5,5.092921311,-1.640615163
7,0,Paul Pierce,2008,31,SF,3,BOS,21,1210,0.017,1238763,81,62,3,1.5,37.5,6.7,14.6,0.457,1.5,3.8,0.391,5.2,10.8,0.48,0.508,5.7,6.8,0.83,0.7,5,5.6,3.6,1,0.3,2.8,2.7,20.5,17.7,0.582,0.257,0.468,2.4,15.4,9.2,16.3,1.4,0.7,13.8,25.4,10.3,0.164,3.4,2.5,1.7849531,0.733777652
8,0,Tony Parker,2008,26,PG,1,SAS,9,1210,0.007,1084361,72,54,7,3,34.1,8.9,17.5,0.506,0.3,0.9,0.292,8.6,16.6,0.518,0.513,3.9,5,0.782,0.4,2.7,3.1,6.9,0.9,0.1,2.6,1.5,22,23.4,0.556,0.051,0.287,1.3,9.4,5.4,40.1,1.5,0.1,11.6,31.7,8.6,0.168,3.2,3.1,3.587363227,-0.02816499
9,0,Brandon Roy,2008,24,SG,2,POR,7,1210,0.006,468688,78,54,6,13.5,37.2,8.1,16.9,0.48,1.1,2.8,0.377,7.1,14.1,0.501,0.512,5.3,6.5,0.824,1.3,3.4,4.7,5.1,1.1,0.3,1.9,1.6,22.6,24,0.573,0.167,0.383,4.4,11.6,7.9,25.4,1.7,0.6,9,27.4,13.5,0.223,5.7,5.8,5.839495873,0.395293004
10,0,Dirk Nowitzki,2008,30,PF,4,DAL,3,1210,0.002,1107926,81,50,9,10.5,37.7,9.6,20,0.479,0.8,2.1,0.359,8.8,17.9,0.493,0.498,6,6.7,0.89,1.1,7.3,8.4,2.4,0.8,0.8,1.9,2.2,25.9,23.1,0.564,0.105,0.337,3.3,22.1,12.8,12.1,1,1.5,7.8,30.3,10.9,0.171,2.4,1.2,2.188568477,-0.143934597
1,1,LeBron James,2009,25,SF,3,CLE,1205,1230,0.98,2549693,76,61,1,2,39,10.1,20.1,0.503,1.7,5.1,0.333,8.4,15,0.56,0.545,7.8,10.2,0.767,0.9,6.4,7.3,8.6,1.6,1,3.4,1.6,29.7,31.1,0.604,0.253,0.506,3,18.5,11.1,41.8,2.2,2,12.3,33.5,18.5,0.299,10.9,12.5,9.196731423,2.250083757
2,0,Kevin Durant,2009,21,SF,3,OKC,609,1230,0.495,870567,82,50,10,23.5,39.5,9.7,20.3,0.476,1.6,4.3,0.365,8.1,16.1,0.506,0.514,9.2,10.2,0.9,1.3,6.3,7.6,2.8,1.4,1,3.3,2.1,30.1,26.2,0.607,0.21,0.504,3.8,17.9,11,13.5,1.8,1.9,11.7,32,16.1,0.238,5.8,5.1,5.202070753,1.802995972
3,0,Kobe Bryant,2009,31,SG,2,LAL,599,1230,0.487,2456224,73,57,3,1,38.8,9.8,21.5,0.456,1.4,4.1,0.329,8.5,17.4,0.487,0.488,6,7.4,0.811,1.1,4.3,5.4,5,1.5,0.3,3.2,2.6,27,21.9,0.545,0.192,0.345,3.1,12.2,7.7,23.8,2.1,0.5,11.4,32.3,9.4,0.16,4,3.6,4.248726021,1.093790366
4,0,Dwight Howard,2009,24,C,5,ORL,478,1230,0.389,2360096,82,59,2,4.5,34.7,6.2,10.2,0.612,0,0.1,0,6.2,10.1,0.617,0.612,5.9,10,0.592,3.5,9.7,13.2,1.8,0.9,2.8,3.3,3.5,18.3,24,0.63,0.008,0.978,12,31.3,22,8.7,1.4,6,18.7,23.9,13.2,0.223,5.4,5.5,0.854158659,5.033301285
5,0,Dwyane Wade,2009,28,SG,2,MIA,119,1230,0.097,2327550,77,47,13,11.5,36.3,9.3,19.6,0.476,0.9,3.2,0.3,8.4,16.5,0.509,0.5,6.9,9.1,0.761,1.4,3.5,4.8,6.5,1.8,1.1,3.3,2.4,26.6,28,0.562,0.161,0.465,4.5,11.1,7.8,36.4,2.7,2.4,12.2,34.9,13,0.224,8,9.4,7.211522958,1.721536845
6,0,Carmelo Anthony,2009,25,SF,3,DEN,65,1230,0.053,2137560,69,53,7,6,38.2,10,21.8,0.458,0.9,2.7,0.316,9.1,19.1,0.478,0.478,7.4,8.9,0.83,2.2,4.4,6.6,3.2,1.3,0.4,3,3.3,28.2,22.2,0.548,0.125,0.407,6.7,13.1,9.9,15.9,1.7,0.9,10.6,33.4,7.9,0.145,2.3,1.4,3.392805436,-0.527099653
7,0,Dirk Nowitzki,2009,31,PF,4,DAL,55,1230,0.045,1093005,81,55,4,8.5,37.5,8.9,18.5,0.481,0.6,1.5,0.421,8.3,17,0.487,0.498,6.6,7.2,0.915,1,6.7,7.7,2.7,0.9,1,1.8,2.6,25,22.9,0.578,0.081,0.392,3.1,20.1,11.7,13,1.2,2,7.8,28.8,12.3,0.194,3.5,2.6,2.253263956,0.733149653
8,0,Steve Nash,2009,35,PG,1,PHO,49,1230,0.04,1222235,81,54,5,17.5,32.8,6.2,12.2,0.507,1.5,3.6,0.426,4.6,8.6,0.54,0.57,2.6,2.8,0.938,0.4,2.9,3.3,11,0.5,0.1,3.6,1.3,16.5,21.6,0.615,0.295,0.228,1.5,9.4,5.7,50.9,0.8,0.3,21.4,22.9,9.9,0.178,2.6,1.8,6.745587951,-1.969484463
9,0,Deron Williams,2009,25,PG,1,UTA,7,1230,0.006,0,76,53,8,8.5,36.9,6.5,13.9,0.469,1.3,3.4,0.371,5.2,10.4,0.501,0.515,4.4,5.5,0.801,0.7,3.3,4,10.5,1.3,0.2,3.3,2.7,18.7,20.6,0.574,0.246,0.397,2.2,10.4,6.4,44.5,1.8,0.5,16.9,23.8,10.3,0.177,3.7,3.3,5.72484464,-0.026439482
10,0,Amar'e Stoudemire,2009,27,PF,4,PHO,5,1230,0.004,1824093,82,54,5,17.5,34.6,8.6,15.4,0.557,0,0.1,0.167,8.6,15.3,0.559,0.557,5.9,7.7,0.771,2.8,6.1,8.9,1,0.6,1,2.6,3.4,23.1,22.6,0.615,0.005,0.5,9.7,18.9,14.5,4.8,0.9,2.1,12.1,27.3,10.7,0.181,1.6,0.3,1.935621393,-1.23155066
1,1,Derrick Rose,2010,22,PG,1,CHI,1182,1210,0.977,1914996,81,62,1,5,37.4,8.8,19.7,0.445,1.6,4.8,0.332,7.2,15,0.481,0.485,5.9,6.9,0.858,1,3.1,4.1,7.7,1,0.6,3.4,1.7,25,23.5,0.55,0.241,0.348,3.2,9.4,6.4,38.7,1.5,1.3,13.1,32.2,13.1,0.208,6,5.9,5.296784415,-0.293385307
2,0,Dwight Howard,2010,25,C,5,ORL,643,1210,0.531,2099204,78,52,8,3.5,37.6,7.9,13.4,0.593,0,0.1,0,7.9,13.3,0.597,0.593,7,11.7,0.596,4,10.1,14.1,1.4,1.4,2.4,3.6,3.3,22.9,26.1,0.616,0.007,0.877,12.6,30.6,21.8,6.8,1.9,4.9,16.2,27.2,14.4,0.235,5,4.8,1.060005383,5.117279355
3,0,LeBron James,2010,26,SF,3,MIA,522,1210,0.431,2053011,79,58,3,1,38.8,9.6,18.8,0.51,1.2,3.5,0.33,8.4,15.3,0.552,0.541,6.4,8.4,0.759,1,6.5,7.5,7,1.6,0.6,3.6,2.1,26.7,27.3,0.594,0.188,0.446,3.3,18.7,11.4,34.9,2.1,1.3,13.8,31.5,15.6,0.244,8.2,8.6,6.041355599,1.546103098
4,0,Kobe Bryant,2010,32,SG,2,LAL,428,1210,0.354,2380016,82,57,5,2,33.9,9,20,0.451,1.4,4.3,0.323,7.6,15.6,0.487,0.487,5.9,7.1,0.828,1,4.1,5.1,4.7,1.2,0.1,3,2.1,25.3,23.9,0.548,0.217,0.356,3.5,13.3,8.5,26.7,1.9,0.3,11.4,35.1,10.3,0.178,4.1,3.8,4.484788891,-1.163196222
5,0,Kevin Durant,2010,22,SF,3,OKC,190,1210,0.157,1736728,78,55,7,6,38.9,9.1,19.7,0.462,1.9,5.3,0.35,7.3,14.4,0.504,0.509,7.6,8.7,0.88,0.7,6.1,6.8,2.7,1.1,1,2.8,2,27.7,23.6,0.589,0.269,0.439,2.3,17.7,10.3,13.2,1.5,1.8,10.6,30.6,12,0.189,3.7,2.9,4.70705596,-0.469041773
6,0,Dirk Nowitzki,2010,32,PF,4,DAL,113,1210,0.093,785120,73,57,4,7,34.3,8.4,16.2,0.517,0.9,2.3,0.393,7.5,13.8,0.538,0.545,5.4,6.1,0.892,0.7,6.3,7,2.6,0.5,0.6,1.9,2.4,23,23.4,0.612,0.142,0.376,2.4,20.8,12,14.2,0.8,1.4,9.1,28.2,11.1,0.213,3.7,3.8,4.241465123,1.906615135
7,0,Dwyane Wade,2010,29,SG,2,MIA,24,1210,0.02,2048175,76,58,3,1,37.1,9.1,18.2,0.5,0.8,2.7,0.306,8.3,15.5,0.534,0.523,6.5,8.6,0.758,1.6,4.8,6.4,4.6,1.5,1.1,3.1,2.6,25.5,25.6,0.581,0.149,0.471,5.5,14.4,10.2,23.5,2.1,2.4,12.4,31.6,12.8,0.218,5.7,5.9,5.608767498,1.208391006
8,0,Manu Ginobili,2010,33,SG,2,SAS,20,1210,0.017,748840,80,61,2,8.5,30.3,5.5,12.7,0.433,1.9,5.5,0.349,3.6,7.2,0.497,0.509,4.5,5.1,0.871,0.5,3.2,3.7,4.9,1.5,0.4,2.2,2,17.4,21.7,0.581,0.433,0.403,2.1,11.8,7.1,26.4,2.6,0.8,12.7,26,9.9,0.195,4.5,5.3,6.044526925,1.776115052
9,0,Amar'e Stoudemire,2010,28,C,5,NYK,9,1210,0.007,1674995,78,42,15,13,36.8,9.5,19,0.502,0.1,0.3,0.435,9.4,18.7,0.503,0.505,6.1,7.7,0.792,2.5,5.6,8.2,2.6,0.9,1.9,3.2,3.5,25.3,22.7,0.565,0.016,0.403,7.8,17.6,12.7,13.2,1.2,3.8,12.5,30.9,8,0.134,1.9,0.7,0.379330681,-1.84257205
10,0,Blake Griffin,2010,21,PF,4,LAC,5,1210,0.004,1033646,82,32,23,22.5,38,8.5,16.8,0.506,0.1,0.3,0.292,8.4,16.5,0.51,0.508,5.4,8.5,0.642,3.3,8.8,12.1,3.8,0.8,0.5,2.7,3.1,22.5,21.9,0.549,0.017,0.505,10.2,26.9,18.6,18.7,1,1.1,11.7,27.3,9.8,0.152,4,3.2,1.684324409,0.411364967
10,0,Rajon Rondo,2010,24,PG,1,BOS,5,1210,0.004,1587297,68,56,6,3.5,37.2,4.7,9.9,0.475,0.1,0.6,0.233,4.5,9.2,0.491,0.482,1.1,1.9,0.568,1.3,3.1,4.4,11.2,2.3,0.2,3.4,1.8,10.6,17.1,0.495,0.064,0.197,4.5,9.7,7.2,47.1,3.2,0.3,24.3,18.3,6.6,0.126,2.5,2,1.928382655,1.880777919
1,1,LeBron James,2011,27,SF,3,MIA,1074,1210,0.888,1360680,77.03030303,57.15151515,4,1,37.5,10,18.9,0.531,0.9,2.4,0.362,9.1,16.5,0.556,0.554,6.2,8.1,0.771,1.5,6.4,7.9,6.2,1.9,0.8,3.4,1.5,27.1,30.7,0.605,0.127,0.429,5,19.7,12.6,33.6,2.6,1.7,13.3,32,19.090625,0.298,11.83049242,11,7.897845729,2.09039534
2,0,Kevin Durant,2011,23,SF,3,OKC,889,1210,0.735,1345566,82,58.39393939,3,4,38.6,9.7,19.7,0.496,2,5.2,0.387,7.7,14.4,0.535,0.547,6.5,7.6,0.86,0.6,7.4,8,3.5,1.3,1.2,3.8,2,28,26.2,0.61,0.265,0.386,1.9,20.4,11.8,17.5,1.8,2.2,14,31.3,15.16658333,0.23,7.6428,5.2,5.218257159,0.134707641
3,0,Chris Paul,2011,26,PG,1,LAC,385,1210,0.318,1138743,74.54545455,49.6969697,9,8,36.4,7.1,14.8,0.478,1.3,3.6,0.371,5.8,11.3,0.511,0.522,4.3,5,0.861,0.7,2.9,3.6,9.1,2.5,0.1,2.1,2.3,19.8,27,0.581,0.239,0.339,2.3,9.4,5.8,43.8,3.8,0.2,10.8,24.3,17.28696667,0.278,8.19,7.9,7.315335464,1.771082973
4,0,Kobe Bryant,2011,33,SG,2,LAL,352,1210,0.291,1555479,72.06060606,50.93939394,6,2,38.5,9.9,23,0.43,1.5,4.9,0.303,8.4,18.1,0.464,0.462,6.6,7.8,0.845,1.1,4.3,5.4,4.6,1.2,0.3,3.5,1.8,27.9,21.9,0.527,0.215,0.338,3.5,11.8,7.8,23.7,1.6,0.6,11.7,35.7,8.68175,0.132,3.515847222,2.3,3.318463652,-0.714734166
5,0,Tony Parker,2011,29,PG,1,SAS,331,1210,0.274,0,74.54545455,62.12121212,2,11.5,32.1,7.1,14.8,0.48,0.2,1,0.23,6.9,13.8,0.498,0.488,3.8,4.7,0.799,0.4,2.5,2.9,7.7,1,0.1,2.6,1.3,18.3,22,0.539,0.069,0.319,1.3,8.7,5.1,40.3,1.5,0.2,13.1,27.7,9.7062375,0.177,2.699318182,1.7,3.854630474,1.241912013
6,0,Kevin Love,2011,23,PF,4,MIN,58,1210,0.048,373880,68.33333333,32.3030303,21,27,39,8.6,19.3,0.448,1.9,5.1,0.372,6.7,14.1,0.475,0.497,6.9,8.4,0.824,4.1,9.2,13.3,2,0.9,0.5,2.3,2.8,26,25.4,0.568,0.266,0.434,11.6,26.4,19,10,1.1,0.9,9.2,28.8,14.857375,0.223,4.841145833,4.5,5.148193527,-0.121748892
7,0,Dwight Howard,2011,26,C,5,ORL,13,1210,0.011,1600390,67.09090909,45.96969697,12,9.5,38.3,7.7,13.4,0.573,0,0.1,0,7.7,13.3,0.579,0.573,5.2,10.6,0.491,3.7,10.8,14.5,1.9,1.5,2.1,3.2,2.9,20.6,24.2,0.569,0.01,0.788,11,33.1,21.9,9.8,2.1,4.4,15.2,26.1,11.71182083,0.179,4.089395455,3.8,-0.298883,4.690059134
8,0,Rajon Rondo,2011,25,PG,1,BOS,12,1210,0.01,547110,65.84848485,48.45454545,10,6.5,36.9,4.8,10.8,0.448,0.2,0.8,0.238,4.6,10,0.464,0.456,2,3.4,0.597,1.2,3.7,4.8,11.7,1.8,0.1,3.6,1.9,11.9,17.5,0.483,0.073,0.316,3.9,11.2,7.7,52.5,2.6,0.1,22.8,20.7,7.6275375,0.121,2.15941875,1.3,2.874384349,1.432791889
9,0,Steve Nash,2011,37,PG,1,PHO,7,1210,0.006,276268,77.03030303,41,18,18.5,31.6,4.8,9,0.532,0.9,2.3,0.39,3.9,6.7,0.58,0.581,2,2.3,0.894,0.4,2.6,3,10.7,0.6,0.1,3.7,0.9,12.5,20.3,0.625,0.254,0.256,1.5,9.1,5.3,53.1,1,0.3,27.1,19.6,7.7736,0.144,1.150287879,-0.5,5.021989062,-1.205816978
10,0,Dwyane Wade,2011,30,SG,2,MIA,6,1210,0.005,1334223,60.87878788,57.15151515,4,1,33.2,8.5,17.1,0.497,0.3,1.1,0.268,8.2,15.9,0.513,0.506,4.8,6.1,0.791,1.5,3.3,4.8,4.6,1.7,1.3,2.6,2.2,22.1,26.3,0.559,0.067,0.355,5.6,11.6,8.7,27.3,2.7,3.1,11.8,31.3,12.87468333,0.227,4.176891162,6.3,4.299322523,2.442983368
1,1,LeBron James,2012,28,PF,4,MIA,1207,1210,0.998,1583646,76,66,1,1,37.9,10.1,17.8,0.565,1.4,3.3,0.406,8.7,14.5,0.602,0.603,5.3,7,0.753,1.3,6.8,8,7.3,1.7,0.9,3,1.4,26.8,31.6,0.64,0.188,0.395,4.4,20.8,13.1,36.4,2.4,1.9,12.4,30.2,19.3,0.322,9.8,11.6,8.529732991,1.092302181
2,0,Kevin Durant,2012,24,SF,3,OKC,765,1210,0.632,1504047,81,60,2,3,38.5,9,17.7,0.51,1.7,4.1,0.416,7.3,13.6,0.539,0.559,8.4,9.3,0.905,0.6,7.3,7.9,4.6,1.4,1.3,3.5,1.8,28.1,28.3,0.647,0.233,0.523,1.8,20.3,11.8,21.7,1.9,2.6,13.7,29.8,18.9,0.291,7.6,7.7,6.510810064,1.030344845
3,0,Carmelo Anthony,2012,28,PF,4,NYK,475,1210,0.393,1460950,67,54,7,10.5,37,10,22.2,0.449,2.3,6.2,0.379,7.6,16,0.476,0.502,6.3,7.6,0.83,2,4.9,6.9,2.6,0.8,0.5,2.6,3.1,28.7,24.8,0.56,0.278,0.344,6.1,15.9,10.8,14.1,1.1,1.1,9.3,35.6,9.5,0.184,2.8,2.4,3.717960149,-2.082130046
4,0,Chris Paul,2012,27,PG,1,LAC,289,1210,0.239,929155,70,56,5,7,33.4,5.9,12.2,0.481,1.1,3.3,0.328,4.8,8.9,0.538,0.526,4.1,4.6,0.885,0.8,3,3.7,9.7,2.4,0.1,2.3,2,16.9,26.4,0.594,0.271,0.377,2.8,10.5,6.7,46.5,3.8,0.4,13.7,22.6,13.9,0.287,5.6,7.5,8.042483558,1.289291219
5,0,Kobe Bryant,2012,34,SG,2,LAL,184,1210,0.152,1591437,78,45,13,2,38.6,9.5,20.4,0.463,1.7,5.2,0.324,7.8,15.2,0.51,0.504,6.7,8,0.839,0.8,4.7,5.6,6,1.4,0.3,3.7,2.2,27.3,23,0.57,0.255,0.392,2.5,13.1,7.9,29.7,1.8,0.6,13.3,31.9,10.9,0.174,5.1,4.7,4.942640271,-0.860711908
6,0,Tony Parker,2012,30,PG,1,SAS,86,1210,0.071,176168,66,58,3,5,32.9,7.9,15.1,0.522,0.4,1,0.353,7.5,14,0.534,0.534,4.2,5,0.845,0.3,2.7,3,7.6,0.8,0.1,2.6,1.4,20.3,23,0.588,0.068,0.332,1,9.1,5.3,40.4,1.3,0.2,13,27.7,9.3,0.206,2.6,2.7,3.94714723,-0.19779406
7,0,Tim Duncan,2012,36,C,5,SAS,65,1210,0.054,492373,69,58,3,5,30.1,7.1,14.1,0.502,0,0.1,0.286,7.1,14,0.504,0.503,3.6,4.3,0.817,1.8,8.1,9.9,2.7,0.7,2.7,2.1,1.7,17.8,24.4,0.554,0.007,0.307,7.3,29.6,19.1,15.5,1.2,6.4,11.7,27.8,8.3,0.191,3.2,4.1,0.009170689,4.409473141
8,0,James Harden,2012,23,SG,2,HOU,33,1210,0.027,485986,78,45,12,15,38.3,7.5,17.1,0.438,2.3,6.2,0.368,5.2,10.9,0.477,0.504,8.6,10.2,0.851,0.8,4.1,4.9,5.8,1.8,0.5,3.8,2.3,25.9,23,0.6,0.364,0.592,2.4,11.9,7.2,25.7,2.4,1,14.9,29,12.8,0.206,5.7,5.5,5.286034182,-0.760075146
9,0,Russell Westbrook,2012,24,PG,1,OKC,9,1210,0.007,376411,82,60,2,3,34.9,8.2,18.7,0.438,1.2,3.7,0.323,7,15.1,0.466,0.47,5.6,7,0.8,1.4,3.9,5.2,7.4,1.8,0.3,3.3,2.3,23.2,23.9,0.532,0.195,0.375,4.8,11.8,8.6,38.4,2.6,0.6,13.2,32.8,11.6,0.195,5.1,5,5.328726834,0.880025922
10,0,Dwyane Wade,2012,31,SG,2,MIA,5,1210,0.004,1052310,69,66,1,1,34.7,8.2,15.8,0.521,0.2,1,0.258,8,14.9,0.537,0.528,4.5,6.2,0.725,1.2,3.7,5,5.1,1.9,0.8,2.8,2,21.2,24,0.571,0.06,0.389,4.7,12.6,8.9,26.6,2.8,1.9,13.2,29.5,9.6,0.192,3.5,3.9,3.042603948,1.625155942
1,1,Kevin Durant,2013,25,SF,3,OKC,1232,1250,0.986,1396294,81,59,2,2,38.5,10.5,20.8,0.503,2.4,6.1,0.391,8.1,14.8,0.549,0.56,8.7,9.9,0.873,0.7,6.7,7.4,5.5,1.3,0.7,3.5,2.1,32,29.8,0.635,0.291,0.477,2.2,18.6,10.8,26.7,1.7,1.5,12.2,33,19.2,0.295,8.5,8.8,7.126795864,-0.344671759
2,0,LeBron James,2013,29,PF,4,MIA,891,1250,0.713,1416419,77,54,6,1,37.7,10,17.6,0.567,1.5,4,0.379,8.5,13.6,0.622,0.61,5.7,7.6,0.75,1.1,5.9,6.9,6.3,1.6,0.3,3.5,1.6,27.1,29.3,0.649,0.226,0.432,3.6,18.9,11.5,32,2.2,0.8,14.4,31,15.9,0.264,8,8.9,6.04747012,-0.86615335
3,0,Blake Griffin,2013,24,PF,4,LAC,434,1250,0.347,688466,80,57,3,7.5,35.8,9,17,0.528,0.2,0.6,0.273,8.8,16.4,0.537,0.533,6,8.4,0.715,2.4,7.1,9.5,3.9,1.2,0.6,2.8,3.3,24.1,23.9,0.583,0.032,0.496,7.7,21.2,14.7,19.2,1.6,1.4,11.9,29,12.2,0.205,4.8,4.6,2.997118469,0.382859115
4,0,Joakim Noah,2013,28,C,5,CHI,322,1250,0.258,181145,80,48,11,3,35.3,4.8,10,0.475,0,0,0,4.8,10,0.476,0.475,3.1,4.2,0.737,3.5,7.7,11.3,5.4,1.2,1.5,2.4,3.1,12.6,20,0.531,0.003,0.419,11.6,24.5,18.2,26.4,1.9,3.3,17,18.7,11.2,0.19,6.1,6.6,1.184290947,4.533858448
5,0,James Harden,2013,24,SG,2,HOU,85,1250,0.068,470381,73,54,5,5,38,7.5,16.5,0.456,2.4,6.6,0.366,5.1,9.9,0.515,0.529,7.9,9.1,0.866,0.8,3.9,4.7,6.1,1.6,0.4,3.6,2.4,25.4,23.5,0.618,0.401,0.552,2.6,10.7,6.9,27.3,2.1,0.8,15,27.8,12.8,0.221,5.4,5.7,6.483479148,-0.090144979
6,0,Stephen Curry,2013,25,PG,1,GSW,66,1250,0.053,1047281,78,51,8,10.5,36.5,8.4,17.7,0.471,3.3,7.9,0.424,5,9.8,0.509,0.566,3.9,4.5,0.885,0.6,3.7,4.3,8.5,1.6,0.2,3.8,2.5,24,24.1,0.61,0.445,0.252,1.8,10.9,6.4,39.9,2.2,0.4,16.1,28.3,13.4,0.225,6.7,7.4,7.758268647,0.522739763
7,0,Chris Paul,2013,28,PG,1,LAC,45,1250,0.036,804309,62,57,3,7.5,35,6.5,14,0.467,1.3,3.4,0.368,5.3,10.6,0.498,0.511,4.8,5.6,0.855,0.6,3.7,4.3,10.7,2.5,0.1,2.3,2.5,19.1,25.9,0.58,0.244,0.397,2,11.4,6.9,48.9,3.5,0.1,12.4,23.7,12.2,0.27,5.2,7.4,7.723907354,3.6684386
8,0,Al Jefferson,2013,29,C,5,CHA,34,1250,0.027,0,73,43,16,29.5,35,9.6,18.8,0.509,0,0.2,0.2,9.5,18.6,0.512,0.51,2.6,3.8,0.69,2.1,8.7,10.8,2.1,0.9,1.1,1.7,2.4,21.8,22.7,0.532,0.011,0.201,6.9,28.3,17.5,12.8,1.4,2.4,7.6,29.3,7.8,0.146,2.5,1.8,-0.626954433,1.88079903
9,0,Paul George,2013,23,SF,3,IND,33,1250,0.026,1211318,80,56,4,7.5,36.2,7.2,17,0.424,2.3,6.3,0.364,4.9,10.8,0.458,0.49,5,5.8,0.864,0.8,6,6.8,3.5,1.9,0.3,2.8,2.5,21.7,20.1,0.555,0.367,0.341,2.6,17.7,10.5,17.9,2.7,0.6,12.5,28.3,10.8,0.178,4.9,4.7,2.969863372,3.033285771
10,0,LaMarcus Aldridge,2013,28,PF,4,POR,26,1250,0.021,609172,69,54,7,17.5,36.2,9.4,20.6,0.458,0,0.2,0.2,9.4,20.4,0.461,0.459,4.3,5.2,0.822,2.4,8.7,11.1,2.6,0.9,1,1.8,2.1,23.2,21.8,0.507,0.011,0.253,7.2,25.5,16.5,13,1.3,1.9,7.2,29.8,7.5,0.144,1.5,0.3,1.433515593,2.326357965
1,1,Stephen Curry,2014,26,PG,1,GSW,1198,1300,0.922,1513324,80,67,1,8,32.7,8.2,16.8,0.487,3.6,8.1,0.443,4.6,8.7,0.528,0.594,3.9,4.2,0.914,0.7,3.6,4.3,7.7,2,0.2,3.1,2,23.8,28,0.638,0.482,0.251,2.4,11.4,7,38.6,3,0.5,14.3,28.9,15.7,0.288,7.9,9.9,8.600890397,2.437371187
2,0,James Harden,2014,25,SG,2,HOU,936,1300,0.72,1069368,81,56,3,6,36.8,8,18.1,0.44,2.6,6.9,0.375,5.4,11.3,0.48,0.511,8.8,10.2,0.868,0.9,4.7,5.7,7,1.9,0.7,4,2.6,27.4,26.7,0.605,0.378,0.561,2.8,14.2,8.5,34.6,2.6,1.6,14.9,31.3,16.4,0.265,7.8,8.4,7.738230976,-0.234725231
3,0,LeBron James,2014,30,SF,3,CLE,552,1300,0.425,1470483,69,53,7,1,36.1,9,18.5,0.488,1.7,4.9,0.354,7.3,13.6,0.536,0.535,5.4,7.7,0.71,0.7,5.3,6,7.4,1.6,0.7,3.9,2,25.3,25.9,0.577,0.265,0.413,2.4,16.6,9.6,38.6,2.3,1.6,15.3,32.3,10.4,0.199,5.9,7.4,4.844198435,0.166578199
4,0,Russell Westbrook,2014,26,PG,1,OKC,352,1300,0.271,248758,67,45,14,3,34.4,9.4,22,0.426,1.3,4.3,0.299,8.1,17.7,0.457,0.455,8.1,9.8,0.835,1.9,5.4,7.3,8.6,2.1,0.2,4.4,2.7,28.1,29.1,0.536,0.196,0.445,5.9,16.7,11.4,47,3,0.5,14.3,38.4,10.6,0.222,7.6,11,6.093559789,-0.487868576
5,0,Anthony Davis,2014,21,PF,4,NOP,203,1300,0.156,1369911,68,45,13,16,36.1,9.4,17.6,0.535,0,0.2,0.083,9.4,17.5,0.54,0.536,5.5,6.8,0.805,2.5,7.7,10.2,2.2,1.5,2.9,1.4,2.1,24.4,30.8,0.591,0.01,0.384,8,24.1,16.1,11.6,2.1,6.2,6.3,27.8,14,0.274,5.7,7.1,3.840856691,4.708205134
6,0,Chris Paul,2014,29,PG,1,LAC,124,1300,0.095,551167,82,56,4,5,34.8,6.9,14.3,0.485,1.7,4.3,0.398,5.2,10,0.523,0.545,3.5,3.9,0.9,0.6,4,4.6,10.2,1.9,0.2,2.3,2.5,19.1,26,0.596,0.298,0.274,2.1,12.5,7.4,47.4,2.8,0.4,12.7,23.7,16.1,0.27,6.9,7.5,8.557501318,2.111893393
7,0,LaMarcus Aldridge,2014,29,PF,4,POR,6,1300,0.005,498131,71,51,8,11.5,35.4,9.3,19.9,0.466,0.5,1.5,0.352,8.8,18.5,0.475,0.479,4.3,5.1,0.845,2.5,7.7,10.2,1.7,0.7,1,1.7,1.8,23.4,22.8,0.528,0.074,0.256,7.7,22.9,15.5,9.2,1,1.9,7.2,30.2,8.6,0.165,1.4,0.3,2.278443308,1.637708536
8,0,Marc Gasol,2014,30,C,5,MEM,3,1300,0.002,795121,81,55,5,13.5,33.2,6.5,13.2,0.494,0,0.2,0.176,6.5,13,0.5,0.496,4.3,5.4,0.795,1.4,6.4,7.8,3.8,0.9,1.6,2.2,2.6,17.4,21.7,0.558,0.016,0.41,4.9,21.8,13.4,19.7,1.4,4,12.2,24.6,10.2,0.182,4.6,4.8,1.357467162,2.951834991
8,0,Blake Griffin,2014,25,PF,4,LAC,3,1300,0.002,700615,67,56,4,5,35.2,8.6,17.1,0.502,0.1,0.4,0.4,8.4,16.7,0.504,0.506,4.6,6.4,0.728,1.9,5.7,7.6,5.3,0.9,0.5,2.3,2.9,21.9,22.8,0.551,0.022,0.373,6.1,17.9,12.1,26.2,1.4,1.2,10.2,28.4,9,0.183,3.6,4.1,3.288511092,-0.267539158
1,1,Stephen Curry,2015,27,PG,1,GSW,1310,1310,1,1604325,79,73,1,2,34.2,10.2,20.2,0.504,5.1,11.2,0.454,5.1,9,0.566,0.63,4.6,5.1,0.908,0.9,4.6,5.4,6.7,2.1,0.2,3.3,2,30.1,31.5,0.669,0.554,0.25,2.9,13.6,8.6,33.7,3,0.4,12.9,32.6,17.9,0.318,9.8,12.5,10.37941079,2.108447237
2,0,Kawhi Leonard,2015,24,SF,3,SAS,634,1310,0.484,782339,72,67,2,3,33.1,7.7,15.1,0.506,1.8,4,0.443,5.9,11.1,0.528,0.565,4.1,4.6,0.874,1.3,5.5,6.8,2.6,1.8,1,1.5,1.8,21.2,26,0.616,0.267,0.306,4.7,18.4,11.8,13,2.8,2.3,7.8,25.8,13.7,0.277,6.2,8.3,5.128249918,4.72471971
3,0,LeBron James,2015,31,SF,3,CLE,631,1310,0.482,1089206,76,57,3,1,35.6,9.7,18.6,0.52,1.1,3.7,0.309,8.6,14.9,0.573,0.551,4.7,6.5,0.731,1.5,6,7.4,6.8,1.4,0.6,3.3,1.9,25.3,27.5,0.588,0.199,0.347,4.7,18.8,11.8,36,2,1.5,13.2,31.4,13.6,0.242,7.6,9.1,5.950621766,2.20491096
4,0,Russell Westbrook,2015,27,PG,1,OKC,486,1310,0.371,772009,80,55,5,4,34.4,8.2,18.1,0.454,1.3,4.3,0.296,6.9,13.8,0.503,0.489,5.8,7.2,0.812,1.8,6,7.8,10.4,2,0.3,4.3,2.5,23.5,27.6,0.554,0.236,0.397,6.1,18.1,12.4,49.6,2.9,0.6,16.8,31.6,14,0.245,8.3,10,6.633779622,-0.039164003
5,0,Kevin Durant,2015,27,SF,3,OKC,147,1310,0.112,980787,72,55,5,4,35.8,9.7,19.2,0.505,2.6,6.7,0.387,7.1,12.5,0.569,0.573,6.2,6.9,0.898,0.6,7.6,8.2,5,1,1.2,3.5,1.9,28.2,28.2,0.634,0.348,0.361,2,21.8,12.4,24.2,1.3,2.5,13.5,30.6,14.5,0.27,6.4,7.9,5.486769318,-0.038940584
6,0,Chris Paul,2015,30,PG,1,LAC,107,1310,0.082,624334,74,53,6,5,32.7,7,15.1,0.462,1.6,4.4,0.371,5.3,10.6,0.501,0.517,4,4.4,0.896,0.5,3.7,4.2,10,2.1,0.2,2.6,2.5,19.5,26.2,0.575,0.295,0.294,1.8,12,7,52.7,3.1,0.4,13.4,27.1,12.7,0.253,6,7.8,7.703586245,1.597344496
7,0,Draymond Green,2015,25,PF,4,GSW,50,1310,0.038,726616,81,73,1,2,34.7,5,10.1,0.49,1.2,3.2,0.388,3.7,6.9,0.537,0.551,2.8,4.1,0.696,1.7,7.8,9.5,7.4,1.5,1.4,3.2,3,14,19.3,0.587,0.315,0.402,5.5,23,14.7,29,2,3,21.2,18.8,11.1,0.19,5.5,5.8,3.934409872,5.42306048
8,0,Damian Lillard,2015,25,PG,1,POR,26,1310,0.02,158360,75,44,13,24.5,35.7,8.2,19.7,0.419,3.1,8.1,0.375,5.2,11.5,0.45,0.497,5.5,6.2,0.892,0.6,3.4,4,6.8,0.9,0.4,3.2,2.2,25.1,22.2,0.56,0.414,0.315,1.8,10.4,6.1,33.6,1.2,0.8,12.6,31.3,9.2,0.165,3.8,3.7,4.874919997,-2.15398492
9,0,James Harden,2015,26,SG,2,HOU,9,1310,0.007,430777,82,41,17,6,38.1,8.7,19.7,0.439,2.9,8,0.359,5.8,11.7,0.494,0.512,8.8,10.2,0.86,0.8,5.3,6.1,7.5,1.7,0.6,4.6,2.8,29,25.3,0.598,0.406,0.518,2.2,15.6,8.8,35.4,2.2,1.4,15.9,32.5,13.3,0.204,6.9,6.7,5.558317072,-0.702623217
10,0,Kyle Lowry,2015,29,PG,1,TOR,6,1310,0.005,646441,77,56,4,13,37,6.6,15.6,0.427,2.8,7.1,0.388,3.9,8.5,0.461,0.516,5.2,6.4,0.811,0.7,4,4.7,6.4,2.1,0.4,2.9,2.7,21.2,22.2,0.578,0.457,0.41,2.2,12.3,7.3,29.9,2.9,1,13.7,26.1,11.6,0.196,6.3,6.8,5.328884573,0.430835965
1,1,Russell Westbrook,2016,28,PG,1,OKC,888,1010,0.879,1575865,81,47,10,7,34.6,10.2,24,0.426,2.5,7.1,0.347,7.8,16.9,0.46,0.478,8.8,10.5,0.841,1.7,9,10.7,10.4,1.7,0.4,5.4,2.3,31.8,30.8,0.555,0.296,0.438,5.3,28.7,17,57.4,2.4,0.9,15.9,41.7,13.1,0.224,12.4,15.6,7.791657242,-0.94793859
2,0,James Harden,2016,27,PG,1,HOU,753,1010,0.746,1771375,81,55,3,18.5,36.4,8.4,19,0.44,3.2,9.2,0.345,5.2,9.8,0.53,0.524,9.3,10.9,0.85,1.2,6.9,8.1,11.2,1.5,0.5,5.8,2.6,29.2,27.3,0.613,0.483,0.573,3.5,20.7,12.1,50.4,1.9,1,19.5,34.2,15,0.245,9,10.1,7.364581285,-0.250961985
3,0,Kawhi Leonard,2016,25,SF,3,SAS,500,1010,0.495,1058399,74,61,2,3,33.4,8.6,17.9,0.483,2,5.3,0.374,6.7,12.6,0.529,0.539,6.5,7.4,0.88,1.1,4.8,5.9,3.6,1.8,0.8,2.1,1.7,25.7,27.6,0.61,0.295,0.414,3.8,15.8,10,19,2.7,1.8,8.9,31.2,13.6,0.264,6.2,7.9,7.299944462,1.992527567
4,0,LeBron James,2016,32,SF,3,CLE,333,1010,0.33,1893751,74,51,5,2,37.8,9.9,18.2,0.545,1.7,4.7,0.362,8.2,13.5,0.609,0.592,4.8,7.2,0.674,1.3,7.3,8.6,8.7,1.2,0.6,4.1,1.8,26.3,27,0.617,0.258,0.394,3.9,20.7,12.6,41.3,1.6,1.3,16.1,30.1,12.9,0.221,7.3,8.4,6.900985062,0.909672538
5,0,Isaiah Thomas,2016,27,PG,1,BOS,81,1010,0.08,755102,76,53,4,4,33.8,9,19.5,0.463,3.2,8.5,0.38,5.8,11,0.527,0.546,7.8,8.6,0.911,0.5,2.1,2.6,5.9,0.9,0.1,2.7,2.2,29.1,26.5,0.625,0.436,0.44,1.7,6.9,4.3,32.7,1.3,0.3,10.5,34,12.5,0.234,4.8,5.4,7.505316284,-3.309829879
6,0,Stephen Curry,2016,28,PG,1,GSW,52,1010,0.051,1848121,79,67,1,1,33.4,8.6,18.3,0.468,4.1,10,0.408,4.5,8.4,0.54,0.579,4.1,4.6,0.901,0.8,3.7,4.5,6.6,1.8,0.2,3,2.4,25.3,24.6,0.623,0.544,0.25,2.8,11.4,7.3,31.1,2.6,0.5,12.9,30.1,12.6,0.229,6.2,7.3,9.3086844,-0.095877228
7,0,Giannis Antetokounmpo,2016,22,SF,3,MIL,7,1010,0.007,1604463,80,42,14,21,35.6,8.3,15.8,0.523,0.6,2.3,0.278,7.6,13.5,0.565,0.544,5.9,7.6,0.772,1.8,6.9,8.7,5.4,1.7,1.9,2.9,3.1,23.1,26.4,0.602,0.145,0.483,6,22.4,14.3,26.2,2.4,4.7,13.1,28.3,12.4,0.21,6.9,7.6,2.777291823,2.459825128
7,0,John Wall,2016,26,PG,1,WAS,7,1010,0.007,301437,78,49,9,18.5,36.4,8.3,18.4,0.452,1.1,3.5,0.318,7.2,15,0.483,0.482,5.5,6.8,0.807,0.8,3.5,4.2,10.7,2.1,0.6,4.1,1.9,23.2,23.4,0.542,0.188,0.367,2.3,10.7,6.5,47.1,2.8,1.4,16.2,30.6,8.8,0.149,4.3,4.1,4.591815723,-1.496651871
9,0,Anthony Davis,2016,23,C,5,NOP,2,1010,0.002,974802,75,34,21,17,36.1,10.3,20.3,0.506,0.5,1.8,0.305,9.7,18.5,0.526,0.52,7,8.7,0.804,2.3,9.6,11.9,2.1,1.3,2.2,2.4,2.2,28,27.6,0.582,0.087,0.428,6.7,27.9,17.2,11.3,1.7,5,9.2,32.4,11,0.195,3.9,3.7,0.581632221,4.449178164
9,0,Kevin Durant,2016,28,SF,3,GSW,2,1010,0.002,1058399,62,67,1,1,33.4,8.9,16.7,0.537,1.9,5,0.378,7.1,11.6,0.606,0.594,5.5,6.3,0.876,0.6,7.6,8.2,4.8,1.1,1.6,2.3,1.9,25.3,27.6,0.651,0.301,0.378,2.2,23.3,13.4,22.9,1.6,3.9,10.4,27.9,12,0.278,5.2,8,5.932598547,1.140458288
1,1,James Harden,2017,28,SG,2,HOU,965,1010,0.955,1486830,72,65,1,5.5,35.4,9,20.1,0.449,3.7,10,0.367,5.4,10.1,0.531,0.541,8.7,10.1,0.858,0.6,4.8,5.4,8.8,1.8,0.7,4.4,2.3,30.4,29.8,0.619,0.498,0.502,1.8,15.2,8.6,45.1,2.4,1.7,15.1,36.1,15.4,0.289,8.3,10.9,8.750964733,1.316804158
2,0,LeBron James,2017,33,PF,4,CLE,738,1010,0.731,2638294,82,50,6,2,36.9,10.5,19.3,0.542,1.8,5,0.367,8.6,14.3,0.603,0.59,4.7,6.5,0.731,1.2,7.5,8.6,9.1,1.4,0.9,4.2,1.7,27.5,28.6,0.621,0.257,0.336,3.7,22.3,13.1,44.4,1.9,2,16.1,31.6,14,0.221,8.9,9.6,7.460088031,-1.69261119
3,0,Anthony Davis,2017,24,PF,4,NOP,445,1010,0.441,1088230,75,48,9,14,36.4,10.4,19.5,0.534,0.7,2.2,0.34,9.7,17.3,0.558,0.552,6.6,8,0.828,2.5,8.6,11.1,2.3,1.5,2.6,2.2,2.1,28.1,28.9,0.612,0.111,0.409,7.7,24.8,16.5,10.8,2,5.6,8.6,30,13.7,0.241,4.9,5.2,1.259732435,4.00413267
4,0,Damian Lillard,2017,27,PG,1,POR,207,1010,0.205,439462,73,49,7,18,36.6,8.5,19.4,0.439,3.1,8.6,0.361,5.4,10.8,0.501,0.519,6.8,7.4,0.916,0.8,3.6,4.5,6.6,1.1,0.4,2.8,1.6,26.9,25.2,0.594,0.445,0.38,2.6,10.6,6.6,30.9,1.4,0.8,11.1,30.6,12.6,0.227,5.9,6.7,6.154617221,-0.127381373
5,0,Russell Westbrook,2017,29,PG,1,OKC,76,1010,0.075,1241129,80,48,10,5.5,36.4,9.5,21.1,0.449,1.2,4.1,0.298,8.3,17,0.485,0.477,5.2,7.1,0.737,1.9,8.2,10.1,10.3,1.8,0.3,4.8,2.5,25.4,24.7,0.524,0.193,0.336,5.6,25.7,15.3,49.8,2.5,0.6,16.4,34.1,10.1,0.166,7.5,8.2,4.340246175,0.089066673
6,0,Giannis Antetokounmpo,2017,23,PF,4,MIL,75,1010,0.074,2530211,75,44,16,8,36.7,9.9,18.7,0.529,0.6,1.9,0.307,9.3,16.8,0.554,0.545,6.5,8.5,0.76,2.1,8,10,4.8,1.5,1.4,3,3.1,26.9,27.3,0.598,0.1,0.457,6.7,25.3,16,23.7,2,3.3,11.7,31.2,11.9,0.207,5.4,5.8,3.30536437,2.243495851
7,0,Kevin Durant,2017,29,SF,3,GSW,66,1010,0.065,2238406,68,58,3,1,34.2,9.3,18,0.516,2.5,6.1,0.419,6.7,11.9,0.565,0.586,5.3,5.9,0.889,0.5,6.4,6.8,5.4,0.7,1.8,3,2,26.4,26,0.64,0.338,0.331,1.6,19.5,11.2,25.5,1,4,12.9,30.4,10.4,0.215,4.5,5.6,5.897184335,-0.737240414
8,0,DeMar DeRozan,2017,28,SG,2,TOR,32,1010,0.032,998999,80,59,2,10,33.9,8.1,17.7,0.456,1.1,3.6,0.31,7,14.1,0.494,0.488,5.8,7,0.825,0.7,3.2,3.9,5.2,1.1,0.3,2.2,1.9,23,21,0.555,0.203,0.396,2.5,10.4,6.5,25,1.5,0.6,9.5,29.6,9.6,0.17,2.6,1.8,3.436636552,-2.129783552
9,0,LaMarcus Aldridge,2017,32,C,5,SAS,6,1010,0.006,578853,75,47,13,4,33.5,9.2,18,0.51,0.4,1.2,0.293,8.8,16.7,0.526,0.52,4.5,5.3,0.837,3.3,5.2,8.5,2,0.6,1.2,1.5,2.1,23.1,25,0.57,0.068,0.296,10.8,17.3,14,11.3,0.9,3,6.8,29.1,10.9,0.209,3.3,3.3,2.59819016,1.373438861
10,0,Jimmy Butler,2017,28,SG,2,MIN,5,1010,0.005,329435,59,47,12,7,36.7,7.4,15.6,0.474,1.2,3.4,0.35,6.2,12.2,0.509,0.512,6.2,7.2,0.854,1.3,4,5.3,4.9,2,0.4,1.8,1.3,22.2,23.7,0.59,0.217,0.461,4.2,12.7,8.4,20.6,2.7,1,8.9,24.9,8.9,0.198,3.8,5,5.663651331,2.404066519
10,0,Stephen Curry,2017,29,PG,1,GSW,5,1010,0.005,2379494,51,58,3,1,32,8.4,16.9,0.495,4.2,9.8,0.423,4.2,7.1,0.595,0.618,5.5,5.9,0.921,0.7,4.4,5.1,6.1,1.6,0.2,3,2.2,26.4,28.2,0.675,0.58,0.35,2.7,14.4,9,30.3,2.4,0.4,13.3,31,9.1,0.267,4.4,8.6,8.057850212,-0.5001069
1,1,Giannis Antetokounmpo,2018,24,PF,4,MIL,941,1010,0.932,4375747,72,60,1,9.5,32.8,10,17.3,0.578,0.7,2.8,0.256,9.3,14.5,0.641,0.599,6.9,9.5,0.729,2.2,10.3,12.5,5.9,1.3,1.5,3.7,3.2,27.7,30.9,0.644,0.163,0.55,7.3,30,19.3,30.3,1.8,3.9,14.8,32.3,14.4,0.292,7.6,10.8,3.881445468,2.925072159
2,0,James Harden,2018,29,PG,1,HOU,776,1010,0.768,2905488,78,53,5,3,36.8,10.8,24.5,0.442,4.8,13.2,0.368,6,11.3,0.528,0.541,9.7,11,0.879,0.8,5.8,6.6,7.5,2,0.7,5,3.1,36.1,30.6,0.616,0.539,0.449,2.5,17.8,10,39.5,2.7,1.7,14.5,40.5,15.2,0.254,9.9,11.7,9.566047267,1.149233882
3,0,Paul George,2018,28,SF,3,OKC,356,1010,0.352,3122346,77,49,10,7,36.9,9.2,21,0.438,3.8,9.8,0.386,5.4,11.1,0.484,0.529,5.9,7,0.839,1.4,6.8,8.2,4.1,2.2,0.4,2.7,2.8,28,23.3,0.583,0.469,0.335,3.7,19.6,11.4,17.7,2.8,1,10,29.5,11.9,0.201,5.3,5.5,5.333638945,4.206322803
4,0,Nikola Jokic,2018,23,C,5,DEN,212,1010,0.21,1445989,80,54,4,14,31.3,7.7,15.1,0.511,1,3.4,0.307,6.7,11.7,0.569,0.545,3.6,4.4,0.821,2.9,8,10.8,7.3,1.4,0.7,3.1,2.9,20.1,26.3,0.589,0.224,0.292,9.8,27.6,18.7,37,2.1,1.9,15.4,27.4,11.8,0.226,7.3,9.5,6.080263137,2.664693182
5,0,Stephen Curry,2018,30,PG,1,GSW,175,1010,0.173,3861038,69,57,3,1,33.8,9.2,19.4,0.472,5.1,11.7,0.437,4,7.7,0.525,0.604,3.8,4.2,0.916,0.7,4.7,5.3,5.2,1.3,0.4,2.8,2.4,27.3,24.4,0.641,0.604,0.214,2.2,14.2,8.4,24.2,1.9,0.9,11.6,30.4,9.7,0.199,4.9,6.3,7.509478023,0.277037952
6,0,Damian Lillard,2018,28,PG,1,POR,69,1010,0.068,1043785,80,53,6,16,35.5,8.5,19.2,0.444,3,8,0.369,5.6,11.1,0.499,0.522,5.9,6.4,0.912,0.9,3.8,4.6,6.9,1.1,0.4,2.7,1.9,25.8,23.7,0.588,0.419,0.335,2.6,11.1,7,30.6,1.5,1,10.8,29.3,12.1,0.205,5.4,5.5,6.364833398,-0.762903153
7,0,Joel Embiid,2018,24,C,5,PHI,49,1010,0.049,2783833,64,51,7,6,33.7,9.1,18.7,0.484,1.2,4.1,0.3,7.8,14.6,0.535,0.517,8.2,10.1,0.804,2.5,11.1,13.6,3.7,0.7,1.9,3.5,3.3,27.5,26.1,0.593,0.219,0.541,8.1,34,21.4,18.4,1,4.4,13.2,33.3,8.7,0.194,3.3,4.1,2.686678599,4.84082089
8,0,Kevin Durant,2018,30,SF,3,GSW,25,1010,0.025,3150648,78,57,3,1,34.6,9.2,17.7,0.521,1.8,5,0.353,7.5,12.8,0.587,0.571,5.7,6.5,0.885,0.4,5.9,6.4,5.9,0.7,1.1,2.9,2,26,24.2,0.631,0.281,0.366,1.4,17.5,9.8,26.2,1,2.6,12.3,29,11.5,0.204,4.3,4.3,5.22035192,-0.156450057
9,0,Kawhi Leonard,2018,27,SF,3,TOR,13,1010,0.013,3580531,60,58,2,5,34,9.3,18.8,0.496,1.9,5,0.371,7.5,13.8,0.542,0.546,6.1,7.1,0.854,1.3,6,7.3,3.3,1.8,0.4,2,1.5,26.6,25.8,0.606,0.267,0.377,4.2,18.6,11.6,16.4,2.5,1,8.4,30.3,9.5,0.224,3.6,5,5.729369444,0.899991488
10,0,Russell Westbrook,2018,30,PG,1,OKC,8,1010,0.008,2512374,73,49,10,7,36,8.6,20.2,0.428,1.6,5.6,0.29,7,14.5,0.481,0.468,4.1,6.2,0.656,1.5,9.6,11.1,10.7,1.9,0.5,4.5,3.4,22.9,21.1,0.501,0.279,0.306,4.1,28.3,15.8,46.5,2.5,1.1,16.3,30.9,6.8,0.124,5.6,6.5,2.541995497,-1.110208199
